--
-- PostgreSQL database dump
--

\restrict RUGfQmL2dCMJx3f4pDIaKEccoBvE2AisobqnRw4Q3XY51pGLGdAo1e6SnItDT9U

-- Dumped from database version 16.10 (Debian 16.10-1.pgdg13+1)
-- Dumped by pg_dump version 16.10 (Debian 16.10-1.pgdg13+1)

SET statement_timeout = 0;
SET lock_timeout = 0;
SET idle_in_transaction_session_timeout = 0;
SET client_encoding = 'UTF8';
SET standard_conforming_strings = on;
SELECT pg_catalog.set_config('search_path', '', false);
SET check_function_bodies = false;
SET xmloption = content;
SET client_min_messages = warning;
SET row_security = off;

SET default_tablespace = '';

SET default_table_access_method = heap;

--
-- Name: Attachments; Type: TABLE; Schema: public; Owner: root
--

CREATE TABLE public."Attachments" (
    "Id" integer NOT NULL,
    "EntityId" integer NOT NULL,
    "EntityType" text NOT NULL,
    "Url" text NOT NULL,
    "ContentType" text NOT NULL,
    "CommentId" integer
);


ALTER TABLE public."Attachments" OWNER TO root;

--
-- Name: Attachments_Id_seq; Type: SEQUENCE; Schema: public; Owner: root
--

ALTER TABLE public."Attachments" ALTER COLUMN "Id" ADD GENERATED BY DEFAULT AS IDENTITY (
    SEQUENCE NAME public."Attachments_Id_seq"
    START WITH 1
    INCREMENT BY 1
    NO MINVALUE
    NO MAXVALUE
    CACHE 1
);


--
-- Name: Categories; Type: TABLE; Schema: public; Owner: root
--

CREATE TABLE public."Categories" (
    "Id" integer NOT NULL,
    "Name" text NOT NULL,
    "DepartmentId" integer NOT NULL
);


ALTER TABLE public."Categories" OWNER TO root;

--
-- Name: Categories_Id_seq; Type: SEQUENCE; Schema: public; Owner: root
--

ALTER TABLE public."Categories" ALTER COLUMN "Id" ADD GENERATED BY DEFAULT AS IDENTITY (
    SEQUENCE NAME public."Categories_Id_seq"
    START WITH 1
    INCREMENT BY 1
    NO MINVALUE
    NO MAXVALUE
    CACHE 1
);


--
-- Name: CauseTypes; Type: TABLE; Schema: public; Owner: root
--

CREATE TABLE public."CauseTypes" (
    "Id" integer NOT NULL,
    "Name" text NOT NULL,
    "Description" text NOT NULL
);


ALTER TABLE public."CauseTypes" OWNER TO root;

--
-- Name: CauseTypes_Id_seq; Type: SEQUENCE; Schema: public; Owner: root
--

ALTER TABLE public."CauseTypes" ALTER COLUMN "Id" ADD GENERATED BY DEFAULT AS IDENTITY (
    SEQUENCE NAME public."CauseTypes_Id_seq"
    START WITH 1
    INCREMENT BY 1
    NO MINVALUE
    NO MAXVALUE
    CACHE 1
);


--
-- Name: Comments; Type: TABLE; Schema: public; Owner: root
--

CREATE TABLE public."Comments" (
    "Id" integer NOT NULL,
    "TicketId" integer NOT NULL,
    "Content" text NOT NULL,
    "CreatedDate" timestamp with time zone NOT NULL
);


ALTER TABLE public."Comments" OWNER TO root;

--
-- Name: Comments_Id_seq; Type: SEQUENCE; Schema: public; Owner: root
--

ALTER TABLE public."Comments" ALTER COLUMN "Id" ADD GENERATED BY DEFAULT AS IDENTITY (
    SEQUENCE NAME public."Comments_Id_seq"
    START WITH 1
    INCREMENT BY 1
    NO MINVALUE
    NO MAXVALUE
    CACHE 1
);


--
-- Name: Departments; Type: TABLE; Schema: public; Owner: root
--

CREATE TABLE public."Departments" (
    "Id" integer NOT NULL,
    "Name" text NOT NULL
);


ALTER TABLE public."Departments" OWNER TO root;

--
-- Name: Departments_Id_seq; Type: SEQUENCE; Schema: public; Owner: root
--

ALTER TABLE public."Departments" ALTER COLUMN "Id" ADD GENERATED BY DEFAULT AS IDENTITY (
    SEQUENCE NAME public."Departments_Id_seq"
    START WITH 1
    INCREMENT BY 1
    NO MINVALUE
    NO MAXVALUE
    CACHE 1
);


--
-- Name: Histories; Type: TABLE; Schema: public; Owner: root
--

CREATE TABLE public."Histories" (
    "Id" integer NOT NULL,
    "Content" text NOT NULL,
    "CreatedDate" timestamp with time zone NOT NULL,
    "TicketId" integer NOT NULL
);


ALTER TABLE public."Histories" OWNER TO root;

--
-- Name: Histories_Id_seq; Type: SEQUENCE; Schema: public; Owner: root
--

ALTER TABLE public."Histories" ALTER COLUMN "Id" ADD GENERATED BY DEFAULT AS IDENTITY (
    SEQUENCE NAME public."Histories_Id_seq"
    START WITH 1
    INCREMENT BY 1
    NO MINVALUE
    NO MAXVALUE
    CACHE 1
);


--
-- Name: ImplementationPlans; Type: TABLE; Schema: public; Owner: root
--

CREATE TABLE public."ImplementationPlans" (
    "Id" integer NOT NULL,
    "Name" text NOT NULL,
    "Description" text NOT NULL
);


ALTER TABLE public."ImplementationPlans" OWNER TO root;

--
-- Name: ImplementationPlans_Id_seq; Type: SEQUENCE; Schema: public; Owner: root
--

ALTER TABLE public."ImplementationPlans" ALTER COLUMN "Id" ADD GENERATED BY DEFAULT AS IDENTITY (
    SEQUENCE NAME public."ImplementationPlans_Id_seq"
    START WITH 1
    INCREMENT BY 1
    NO MINVALUE
    NO MAXVALUE
    CACHE 1
);


--
-- Name: Progress; Type: TABLE; Schema: public; Owner: root
--

CREATE TABLE public."Progress" (
    "Id" integer NOT NULL,
    "TicketId" integer NOT NULL,
    "TicketStatus" text NOT NULL,
    "Note" text NOT NULL,
    "EmployeeName" text NOT NULL,
    "Date" timestamp with time zone NOT NULL
);


ALTER TABLE public."Progress" OWNER TO root;

--
-- Name: Progress_Id_seq; Type: SEQUENCE; Schema: public; Owner: root
--

ALTER TABLE public."Progress" ALTER COLUMN "Id" ADD GENERATED BY DEFAULT AS IDENTITY (
    SEQUENCE NAME public."Progress_Id_seq"
    START WITH 1
    INCREMENT BY 1
    NO MINVALUE
    NO MAXVALUE
    CACHE 1
);


--
-- Name: Projects; Type: TABLE; Schema: public; Owner: root
--

CREATE TABLE public."Projects" (
    "Id" integer NOT NULL,
    "Name" text NOT NULL,
    "Description" text NOT NULL
);


ALTER TABLE public."Projects" OWNER TO root;

--
-- Name: Projects_Id_seq; Type: SEQUENCE; Schema: public; Owner: root
--

ALTER TABLE public."Projects" ALTER COLUMN "Id" ADD GENERATED BY DEFAULT AS IDENTITY (
    SEQUENCE NAME public."Projects_Id_seq"
    START WITH 1
    INCREMENT BY 1
    NO MINVALUE
    NO MAXVALUE
    CACHE 1
);


--
-- Name: RoleClaims; Type: TABLE; Schema: public; Owner: root
--

CREATE TABLE public."RoleClaims" (
    "Id" integer NOT NULL,
    "RoleId" integer NOT NULL,
    "ClaimType" text,
    "ClaimValue" text
);


ALTER TABLE public."RoleClaims" OWNER TO root;

--
-- Name: RoleClaims_Id_seq; Type: SEQUENCE; Schema: public; Owner: root
--

ALTER TABLE public."RoleClaims" ALTER COLUMN "Id" ADD GENERATED BY DEFAULT AS IDENTITY (
    SEQUENCE NAME public."RoleClaims_Id_seq"
    START WITH 1
    INCREMENT BY 1
    NO MINVALUE
    NO MAXVALUE
    CACHE 1
);


--
-- Name: Roles; Type: TABLE; Schema: public; Owner: root
--

CREATE TABLE public."Roles" (
    "Id" integer NOT NULL,
    "Name" character varying(256),
    "NormalizedName" character varying(256),
    "ConcurrencyStamp" text
);


ALTER TABLE public."Roles" OWNER TO root;

--
-- Name: Roles_Id_seq; Type: SEQUENCE; Schema: public; Owner: root
--

ALTER TABLE public."Roles" ALTER COLUMN "Id" ADD GENERATED BY DEFAULT AS IDENTITY (
    SEQUENCE NAME public."Roles_Id_seq"
    START WITH 1
    INCREMENT BY 1
    NO MINVALUE
    NO MAXVALUE
    CACHE 1
);


--
-- Name: TicketAssignees; Type: TABLE; Schema: public; Owner: root
--

CREATE TABLE public."TicketAssignees" (
    "TicketId" integer NOT NULL,
    "AssigneeId" integer NOT NULL
);


ALTER TABLE public."TicketAssignees" OWNER TO root;

--
-- Name: Tickets; Type: TABLE; Schema: public; Owner: root
--

CREATE TABLE public."Tickets" (
    "Id" integer NOT NULL,
    "Title" text NOT NULL,
    "CategoryId" integer NOT NULL,
    "CreatorId" integer NOT NULL,
    "HeadDepartmentId" integer NOT NULL,
    "ProjectId" integer,
    "CauseTypeId" integer,
    "ImplementationPlanId" integer,
    "Cause" text,
    "DesiredCompleteDate" timestamp with time zone NOT NULL,
    "ExpectedStartDate" timestamp with time zone,
    "ExpectedCompleteDate" timestamp with time zone,
    "Content" text NOT NULL,
    "Priority" text NOT NULL,
    "Status" text NOT NULL,
    "CreatedAt" timestamp with time zone NOT NULL
);


ALTER TABLE public."Tickets" OWNER TO root;

--
-- Name: Tickets_Id_seq; Type: SEQUENCE; Schema: public; Owner: root
--

ALTER TABLE public."Tickets" ALTER COLUMN "Id" ADD GENERATED BY DEFAULT AS IDENTITY (
    SEQUENCE NAME public."Tickets_Id_seq"
    START WITH 1
    INCREMENT BY 1
    NO MINVALUE
    NO MAXVALUE
    CACHE 1
);


--
-- Name: UserClaims; Type: TABLE; Schema: public; Owner: root
--

CREATE TABLE public."UserClaims" (
    "Id" integer NOT NULL,
    "UserId" integer NOT NULL,
    "ClaimType" text,
    "ClaimValue" text
);


ALTER TABLE public."UserClaims" OWNER TO root;

--
-- Name: UserClaims_Id_seq; Type: SEQUENCE; Schema: public; Owner: root
--

ALTER TABLE public."UserClaims" ALTER COLUMN "Id" ADD GENERATED BY DEFAULT AS IDENTITY (
    SEQUENCE NAME public."UserClaims_Id_seq"
    START WITH 1
    INCREMENT BY 1
    NO MINVALUE
    NO MAXVALUE
    CACHE 1
);


--
-- Name: UserLogins; Type: TABLE; Schema: public; Owner: root
--

CREATE TABLE public."UserLogins" (
    "LoginProvider" text NOT NULL,
    "ProviderKey" text NOT NULL,
    "ProviderDisplayName" text,
    "UserId" integer NOT NULL
);


ALTER TABLE public."UserLogins" OWNER TO root;

--
-- Name: UserRoles; Type: TABLE; Schema: public; Owner: root
--

CREATE TABLE public."UserRoles" (
    "UserId" integer NOT NULL,
    "RoleId" integer NOT NULL
);


ALTER TABLE public."UserRoles" OWNER TO root;

--
-- Name: UserTokens; Type: TABLE; Schema: public; Owner: root
--

CREATE TABLE public."UserTokens" (
    "UserId" integer NOT NULL,
    "LoginProvider" text NOT NULL,
    "Name" text NOT NULL,
    "Value" text
);


ALTER TABLE public."UserTokens" OWNER TO root;

--
-- Name: Users; Type: TABLE; Schema: public; Owner: root
--

CREATE TABLE public."Users" (
    "Id" integer NOT NULL,
    "FullName" text NOT NULL,
    "DepartmentId" integer NOT NULL,
    "AvatarUrl" text,
    "UserName" character varying(256),
    "NormalizedUserName" character varying(256),
    "Email" character varying(256),
    "NormalizedEmail" character varying(256),
    "EmailConfirmed" boolean NOT NULL,
    "PasswordHash" text,
    "SecurityStamp" text,
    "ConcurrencyStamp" text,
    "PhoneNumber" text,
    "PhoneNumberConfirmed" boolean NOT NULL,
    "TwoFactorEnabled" boolean NOT NULL,
    "LockoutEnd" timestamp with time zone,
    "LockoutEnabled" boolean NOT NULL,
    "AccessFailedCount" integer NOT NULL
);


ALTER TABLE public."Users" OWNER TO root;

--
-- Name: Users_Id_seq; Type: SEQUENCE; Schema: public; Owner: root
--

ALTER TABLE public."Users" ALTER COLUMN "Id" ADD GENERATED BY DEFAULT AS IDENTITY (
    SEQUENCE NAME public."Users_Id_seq"
    START WITH 1
    INCREMENT BY 1
    NO MINVALUE
    NO MAXVALUE
    CACHE 1
);


--
-- Name: __EFMigrationsHistory; Type: TABLE; Schema: public; Owner: root
--

CREATE TABLE public."__EFMigrationsHistory" (
    "MigrationId" character varying(150) NOT NULL,
    "ProductVersion" character varying(32) NOT NULL
);


ALTER TABLE public."__EFMigrationsHistory" OWNER TO root;

--
-- Data for Name: Attachments; Type: TABLE DATA; Schema: public; Owner: root
--



--
-- Data for Name: Categories; Type: TABLE DATA; Schema: public; Owner: root
--

INSERT INTO public."Categories" VALUES (1, 'Sửa chữa thiết bị văn phòng', 1);
INSERT INTO public."Categories" VALUES (2, 'Vấn đề về điện, nước, điều hòa', 1);
INSERT INTO public."Categories" VALUES (3, 'Bảo trì cơ sở hạ tầng', 1);
INSERT INTO public."Categories" VALUES (4, 'Vấn đề về an ninh, bảo vệ', 1);
INSERT INTO public."Categories" VALUES (5, 'Khiếu nại dịch vụ', 3);
INSERT INTO public."Categories" VALUES (6, 'Yêu cầu tư vấn sản phẩm', 3);
INSERT INTO public."Categories" VALUES (7, 'Phản hồi chất lượng', 3);
INSERT INTO public."Categories" VALUES (8, 'Giải quyết tranh chấp', 3);
INSERT INTO public."Categories" VALUES (9, 'Lỗi phần mềm, ứng dụng', 3);
INSERT INTO public."Categories" VALUES (10, 'Vấn đề mạng, kết nối', 3);
INSERT INTO public."Categories" VALUES (11, 'Cài đặt, cấu hình thiết bị IT', 2);


--
-- Data for Name: CauseTypes; Type: TABLE DATA; Schema: public; Owner: root
--



--
-- Data for Name: Comments; Type: TABLE DATA; Schema: public; Owner: root
--



--
-- Data for Name: Departments; Type: TABLE DATA; Schema: public; Owner: root
--

INSERT INTO public."Departments" VALUES (1, 'AD');
INSERT INTO public."Departments" VALUES (2, 'IT');
INSERT INTO public."Departments" VALUES (3, 'QA');


--
-- Data for Name: Histories; Type: TABLE DATA; Schema: public; Owner: root
--



--
-- Data for Name: ImplementationPlans; Type: TABLE DATA; Schema: public; Owner: root
--



--
-- Data for Name: Progress; Type: TABLE DATA; Schema: public; Owner: root
--

INSERT INTO public."Progress" VALUES (1, 2, 'Pending', 'Hoàng Việt Trung đã tạo yêu cầu', 'Hoàng Việt Trung', '2025-10-29 04:06:08.541687+00');
INSERT INTO public."Progress" VALUES (2, 3, 'Pending', 'Hoàng Việt Trung đã tạo yêu cầu', 'Hoàng Việt Trung', '2025-10-29 04:07:11.891419+00');
INSERT INTO public."Progress" VALUES (3, 3, 'Received', 'trunghoang220703@gmail.com assigned ticket to minhson6a1@gmail.com, quangha27103@gmail.com', 'trunghoang220703@gmail.com', '2025-10-29 04:07:20.485433+00');


--
-- Data for Name: Projects; Type: TABLE DATA; Schema: public; Owner: root
--

INSERT INTO public."Projects" VALUES (1, 'project1', '123');


--
-- Data for Name: RoleClaims; Type: TABLE DATA; Schema: public; Owner: root
--



--
-- Data for Name: Roles; Type: TABLE DATA; Schema: public; Owner: root
--

INSERT INTO public."Roles" VALUES (1, 'Employee', 'EMPLOYEE', NULL);
INSERT INTO public."Roles" VALUES (2, 'Head Of AD', 'HEAD OF AD', NULL);
INSERT INTO public."Roles" VALUES (3, 'Admin', 'ADMIN', NULL);
INSERT INTO public."Roles" VALUES (4, 'Head Of IT', 'HEAD OF IT', NULL);
INSERT INTO public."Roles" VALUES (5, 'Head Of QA', 'HEAD OF QA', NULL);
INSERT INTO public."Roles" VALUES (6, 'Head', 'HEAD', NULL);


--
-- Data for Name: TicketAssignees; Type: TABLE DATA; Schema: public; Owner: root
--

INSERT INTO public."TicketAssignees" VALUES (3, 4);
INSERT INTO public."TicketAssignees" VALUES (3, 5);


--
-- Data for Name: Tickets; Type: TABLE DATA; Schema: public; Owner: root
--

INSERT INTO public."Tickets" VALUES (2, 'ticket1', 1, 3, 6, 1, NULL, NULL, NULL, '2025-10-29 09:30:00+00', NULL, NULL, '123', 'High', 'Pending', '2025-10-29 04:06:08.541685+00');
INSERT INTO public."Tickets" VALUES (3, 'ticket2', 11, 3, 3, 1, NULL, NULL, NULL, '2025-10-29 09:30:00+00', NULL, NULL, '123', 'Low', 'Received', '2025-10-29 04:07:11.891417+00');


--
-- Data for Name: UserClaims; Type: TABLE DATA; Schema: public; Owner: root
--



--
-- Data for Name: UserLogins; Type: TABLE DATA; Schema: public; Owner: root
--



--
-- Data for Name: UserRoles; Type: TABLE DATA; Schema: public; Owner: root
--

INSERT INTO public."UserRoles" VALUES (3, 4);
INSERT INTO public."UserRoles" VALUES (3, 6);
INSERT INTO public."UserRoles" VALUES (4, 1);
INSERT INTO public."UserRoles" VALUES (5, 5);
INSERT INTO public."UserRoles" VALUES (5, 6);
INSERT INTO public."UserRoles" VALUES (6, 2);
INSERT INTO public."UserRoles" VALUES (6, 6);
INSERT INTO public."UserRoles" VALUES (7, 3);


--
-- Data for Name: UserTokens; Type: TABLE DATA; Schema: public; Owner: root
--



--
-- Data for Name: Users; Type: TABLE DATA; Schema: public; Owner: root
--

INSERT INTO public."Users" VALUES (4, 'Nguyễn Minh Sơn', 2, NULL, 'minhson6a1@gmail.com', 'MINHSON6A1@GMAIL.COM', 'minhson6a1@gmail.com', 'MINHSON6A1@GMAIL.COM', false, NULL, 'SXOXIY3IVV2LWTJQMFC5XG4YKI7TJP77', 'b0d16f8a-2b42-4dd3-88cb-00a9039c60f0', NULL, false, false, NULL, true, 0);
INSERT INTO public."Users" VALUES (5, 'Nguyễn Quang Hà', 3, NULL, 'quangha27103@gmail.com', 'QUANGHA27103@GMAIL.COM', 'quangha27103@gmail.com', 'QUANGHA27103@GMAIL.COM', false, NULL, '2DBAVHJ3YMDUJRTGHHDDHL3P74BXES7Y', '37dd2e42-9eec-45ff-a5d3-fd5deb743b42', NULL, false, false, NULL, true, 0);
INSERT INTO public."Users" VALUES (6, 'Lê Văn Thiện', 1, NULL, 'levanthien332003@gmail.com', 'LEVANTHIEN332003@GMAIL.COM', 'levanthien332003@gmail.com', 'LEVANTHIEN332003@GMAIL.COM', false, NULL, 'ICFRSLSQK5NOHVPU4ZEBTN32VT66CT7W', '2b3ecb71-6b8c-4a11-801e-b49870c16920', NULL, false, false, NULL, true, 0);
INSERT INTO public."Users" VALUES (3, 'Hoàng Việt Trung', 2, 'https://lh3.googleusercontent.com/a/ACg8ocKAVfGAFmXDsx2IMO4WYg8pAqAoc3JtcsjDq3qcK9USIvcJ9Q=s96-c', 'trunghoang220703@gmail.com', 'TRUNGHOANG220703@GMAIL.COM', 'trunghoang220703@gmail.com', 'TRUNGHOANG220703@GMAIL.COM', true, NULL, '25OJWU3J3UFKD4LWHIAFTGHAQXT2BYNG', 'a78090f8-24d2-4c26-abb7-a40ceacc2b76', NULL, false, false, NULL, true, 0);
INSERT INTO public."Users" VALUES (7, 'admin', 1, 'https://lh3.googleusercontent.com/a/ACg8ocJlUgqTJVoEDUx6Y_iYgakP71cRFFhF8d8if-LJCl0M1tldLg=s96-c', '21a100100397@students.hou.edu.vn', '21A100100397@STUDENTS.HOU.EDU.VN', '21a100100397@students.hou.edu.vn', '21A100100397@STUDENTS.HOU.EDU.VN', true, NULL, 'SSUPP7ZRLKUGZE4L5K34D2Z7EO7W3MYP', '30792a92-32e9-472c-8911-f87d0bf6a1f6', NULL, false, false, NULL, true, 0);


--
-- Data for Name: __EFMigrationsHistory; Type: TABLE DATA; Schema: public; Owner: root
--

INSERT INTO public."__EFMigrationsHistory" VALUES ('20251029035948_Init', '9.0.8');
INSERT INTO public."__EFMigrationsHistory" VALUES ('20251029040207_Fix', '9.0.8');


--
-- Name: Attachments_Id_seq; Type: SEQUENCE SET; Schema: public; Owner: root
--

SELECT pg_catalog.setval('public."Attachments_Id_seq"', 1, false);


--
-- Name: Categories_Id_seq; Type: SEQUENCE SET; Schema: public; Owner: root
--

SELECT pg_catalog.setval('public."Categories_Id_seq"', 12, false);


--
-- Name: CauseTypes_Id_seq; Type: SEQUENCE SET; Schema: public; Owner: root
--

SELECT pg_catalog.setval('public."CauseTypes_Id_seq"', 1, false);


--
-- Name: Comments_Id_seq; Type: SEQUENCE SET; Schema: public; Owner: root
--

SELECT pg_catalog.setval('public."Comments_Id_seq"', 1, false);


--
-- Name: Departments_Id_seq; Type: SEQUENCE SET; Schema: public; Owner: root
--

SELECT pg_catalog.setval('public."Departments_Id_seq"', 4, false);


--
-- Name: Histories_Id_seq; Type: SEQUENCE SET; Schema: public; Owner: root
--

SELECT pg_catalog.setval('public."Histories_Id_seq"', 1, false);


--
-- Name: ImplementationPlans_Id_seq; Type: SEQUENCE SET; Schema: public; Owner: root
--

SELECT pg_catalog.setval('public."ImplementationPlans_Id_seq"', 1, false);


--
-- Name: Progress_Id_seq; Type: SEQUENCE SET; Schema: public; Owner: root
--

SELECT pg_catalog.setval('public."Progress_Id_seq"', 3, true);


--
-- Name: Projects_Id_seq; Type: SEQUENCE SET; Schema: public; Owner: root
--

SELECT pg_catalog.setval('public."Projects_Id_seq"', 1, false);


--
-- Name: RoleClaims_Id_seq; Type: SEQUENCE SET; Schema: public; Owner: root
--

SELECT pg_catalog.setval('public."RoleClaims_Id_seq"', 1, false);


--
-- Name: Roles_Id_seq; Type: SEQUENCE SET; Schema: public; Owner: root
--

SELECT pg_catalog.setval('public."Roles_Id_seq"', 7, false);


--
-- Name: Tickets_Id_seq; Type: SEQUENCE SET; Schema: public; Owner: root
--

SELECT pg_catalog.setval('public."Tickets_Id_seq"', 3, true);


--
-- Name: UserClaims_Id_seq; Type: SEQUENCE SET; Schema: public; Owner: root
--

SELECT pg_catalog.setval('public."UserClaims_Id_seq"', 1, false);


--
-- Name: Users_Id_seq; Type: SEQUENCE SET; Schema: public; Owner: root
--

SELECT pg_catalog.setval('public."Users_Id_seq"', 1, false);


--
-- Name: Attachments PK_Attachments; Type: CONSTRAINT; Schema: public; Owner: root
--

ALTER TABLE ONLY public."Attachments"
    ADD CONSTRAINT "PK_Attachments" PRIMARY KEY ("Id");


--
-- Name: Categories PK_Categories; Type: CONSTRAINT; Schema: public; Owner: root
--

ALTER TABLE ONLY public."Categories"
    ADD CONSTRAINT "PK_Categories" PRIMARY KEY ("Id");


--
-- Name: CauseTypes PK_CauseTypes; Type: CONSTRAINT; Schema: public; Owner: root
--

ALTER TABLE ONLY public."CauseTypes"
    ADD CONSTRAINT "PK_CauseTypes" PRIMARY KEY ("Id");


--
-- Name: Comments PK_Comments; Type: CONSTRAINT; Schema: public; Owner: root
--

ALTER TABLE ONLY public."Comments"
    ADD CONSTRAINT "PK_Comments" PRIMARY KEY ("Id");


--
-- Name: Departments PK_Departments; Type: CONSTRAINT; Schema: public; Owner: root
--

ALTER TABLE ONLY public."Departments"
    ADD CONSTRAINT "PK_Departments" PRIMARY KEY ("Id");


--
-- Name: Histories PK_Histories; Type: CONSTRAINT; Schema: public; Owner: root
--

ALTER TABLE ONLY public."Histories"
    ADD CONSTRAINT "PK_Histories" PRIMARY KEY ("Id");


--
-- Name: ImplementationPlans PK_ImplementationPlans; Type: CONSTRAINT; Schema: public; Owner: root
--

ALTER TABLE ONLY public."ImplementationPlans"
    ADD CONSTRAINT "PK_ImplementationPlans" PRIMARY KEY ("Id");


--
-- Name: Progress PK_Progress; Type: CONSTRAINT; Schema: public; Owner: root
--

ALTER TABLE ONLY public."Progress"
    ADD CONSTRAINT "PK_Progress" PRIMARY KEY ("Id");


--
-- Name: Projects PK_Projects; Type: CONSTRAINT; Schema: public; Owner: root
--

ALTER TABLE ONLY public."Projects"
    ADD CONSTRAINT "PK_Projects" PRIMARY KEY ("Id");


--
-- Name: RoleClaims PK_RoleClaims; Type: CONSTRAINT; Schema: public; Owner: root
--

ALTER TABLE ONLY public."RoleClaims"
    ADD CONSTRAINT "PK_RoleClaims" PRIMARY KEY ("Id");


--
-- Name: Roles PK_Roles; Type: CONSTRAINT; Schema: public; Owner: root
--

ALTER TABLE ONLY public."Roles"
    ADD CONSTRAINT "PK_Roles" PRIMARY KEY ("Id");


--
-- Name: TicketAssignees PK_TicketAssignees; Type: CONSTRAINT; Schema: public; Owner: root
--

ALTER TABLE ONLY public."TicketAssignees"
    ADD CONSTRAINT "PK_TicketAssignees" PRIMARY KEY ("TicketId", "AssigneeId");


--
-- Name: Tickets PK_Tickets; Type: CONSTRAINT; Schema: public; Owner: root
--

ALTER TABLE ONLY public."Tickets"
    ADD CONSTRAINT "PK_Tickets" PRIMARY KEY ("Id");


--
-- Name: UserClaims PK_UserClaims; Type: CONSTRAINT; Schema: public; Owner: root
--

ALTER TABLE ONLY public."UserClaims"
    ADD CONSTRAINT "PK_UserClaims" PRIMARY KEY ("Id");


--
-- Name: UserLogins PK_UserLogins; Type: CONSTRAINT; Schema: public; Owner: root
--

ALTER TABLE ONLY public."UserLogins"
    ADD CONSTRAINT "PK_UserLogins" PRIMARY KEY ("LoginProvider", "ProviderKey");


--
-- Name: UserRoles PK_UserRoles; Type: CONSTRAINT; Schema: public; Owner: root
--

ALTER TABLE ONLY public."UserRoles"
    ADD CONSTRAINT "PK_UserRoles" PRIMARY KEY ("UserId", "RoleId");


--
-- Name: UserTokens PK_UserTokens; Type: CONSTRAINT; Schema: public; Owner: root
--

ALTER TABLE ONLY public."UserTokens"
    ADD CONSTRAINT "PK_UserTokens" PRIMARY KEY ("UserId", "LoginProvider", "Name");


--
-- Name: Users PK_Users; Type: CONSTRAINT; Schema: public; Owner: root
--

ALTER TABLE ONLY public."Users"
    ADD CONSTRAINT "PK_Users" PRIMARY KEY ("Id");


--
-- Name: __EFMigrationsHistory PK___EFMigrationsHistory; Type: CONSTRAINT; Schema: public; Owner: root
--

ALTER TABLE ONLY public."__EFMigrationsHistory"
    ADD CONSTRAINT "PK___EFMigrationsHistory" PRIMARY KEY ("MigrationId");


--
-- Name: EmailIndex; Type: INDEX; Schema: public; Owner: root
--

CREATE INDEX "EmailIndex" ON public."Users" USING btree ("NormalizedEmail");


--
-- Name: IX_Attachments_CommentId; Type: INDEX; Schema: public; Owner: root
--

CREATE INDEX "IX_Attachments_CommentId" ON public."Attachments" USING btree ("CommentId");


--
-- Name: IX_Comments_TicketId; Type: INDEX; Schema: public; Owner: root
--

CREATE INDEX "IX_Comments_TicketId" ON public."Comments" USING btree ("TicketId");


--
-- Name: IX_Histories_TicketId; Type: INDEX; Schema: public; Owner: root
--

CREATE INDEX "IX_Histories_TicketId" ON public."Histories" USING btree ("TicketId");


--
-- Name: IX_Progress_TicketId; Type: INDEX; Schema: public; Owner: root
--

CREATE INDEX "IX_Progress_TicketId" ON public."Progress" USING btree ("TicketId");


--
-- Name: IX_RoleClaims_RoleId; Type: INDEX; Schema: public; Owner: root
--

CREATE INDEX "IX_RoleClaims_RoleId" ON public."RoleClaims" USING btree ("RoleId");


--
-- Name: IX_TicketAssignees_AssigneeId; Type: INDEX; Schema: public; Owner: root
--

CREATE INDEX "IX_TicketAssignees_AssigneeId" ON public."TicketAssignees" USING btree ("AssigneeId");


--
-- Name: IX_Tickets_CategoryId; Type: INDEX; Schema: public; Owner: root
--

CREATE INDEX "IX_Tickets_CategoryId" ON public."Tickets" USING btree ("CategoryId");


--
-- Name: IX_Tickets_CauseTypeId; Type: INDEX; Schema: public; Owner: root
--

CREATE INDEX "IX_Tickets_CauseTypeId" ON public."Tickets" USING btree ("CauseTypeId");


--
-- Name: IX_Tickets_CreatorId; Type: INDEX; Schema: public; Owner: root
--

CREATE INDEX "IX_Tickets_CreatorId" ON public."Tickets" USING btree ("CreatorId");


--
-- Name: IX_Tickets_HeadDepartmentId; Type: INDEX; Schema: public; Owner: root
--

CREATE INDEX "IX_Tickets_HeadDepartmentId" ON public."Tickets" USING btree ("HeadDepartmentId");


--
-- Name: IX_Tickets_ImplementationPlanId; Type: INDEX; Schema: public; Owner: root
--

CREATE INDEX "IX_Tickets_ImplementationPlanId" ON public."Tickets" USING btree ("ImplementationPlanId");


--
-- Name: IX_Tickets_ProjectId; Type: INDEX; Schema: public; Owner: root
--

CREATE INDEX "IX_Tickets_ProjectId" ON public."Tickets" USING btree ("ProjectId");


--
-- Name: IX_UserClaims_UserId; Type: INDEX; Schema: public; Owner: root
--

CREATE INDEX "IX_UserClaims_UserId" ON public."UserClaims" USING btree ("UserId");


--
-- Name: IX_UserLogins_UserId; Type: INDEX; Schema: public; Owner: root
--

CREATE INDEX "IX_UserLogins_UserId" ON public."UserLogins" USING btree ("UserId");


--
-- Name: IX_UserRoles_RoleId; Type: INDEX; Schema: public; Owner: root
--

CREATE INDEX "IX_UserRoles_RoleId" ON public."UserRoles" USING btree ("RoleId");


--
-- Name: IX_Users_DepartmentId; Type: INDEX; Schema: public; Owner: root
--

CREATE INDEX "IX_Users_DepartmentId" ON public."Users" USING btree ("DepartmentId");


--
-- Name: RoleNameIndex; Type: INDEX; Schema: public; Owner: root
--

CREATE UNIQUE INDEX "RoleNameIndex" ON public."Roles" USING btree ("NormalizedName");


--
-- Name: UserNameIndex; Type: INDEX; Schema: public; Owner: root
--

CREATE UNIQUE INDEX "UserNameIndex" ON public."Users" USING btree ("NormalizedUserName");


--
-- Name: Attachments FK_Attachments_Comments_CommentId; Type: FK CONSTRAINT; Schema: public; Owner: root
--

ALTER TABLE ONLY public."Attachments"
    ADD CONSTRAINT "FK_Attachments_Comments_CommentId" FOREIGN KEY ("CommentId") REFERENCES public."Comments"("Id");


--
-- Name: Comments FK_Comments_Tickets_TicketId; Type: FK CONSTRAINT; Schema: public; Owner: root
--

ALTER TABLE ONLY public."Comments"
    ADD CONSTRAINT "FK_Comments_Tickets_TicketId" FOREIGN KEY ("TicketId") REFERENCES public."Tickets"("Id") ON DELETE CASCADE;


--
-- Name: Histories FK_Histories_Tickets_TicketId; Type: FK CONSTRAINT; Schema: public; Owner: root
--

ALTER TABLE ONLY public."Histories"
    ADD CONSTRAINT "FK_Histories_Tickets_TicketId" FOREIGN KEY ("TicketId") REFERENCES public."Tickets"("Id") ON DELETE CASCADE;


--
-- Name: Progress FK_Progress_Tickets_TicketId; Type: FK CONSTRAINT; Schema: public; Owner: root
--

ALTER TABLE ONLY public."Progress"
    ADD CONSTRAINT "FK_Progress_Tickets_TicketId" FOREIGN KEY ("TicketId") REFERENCES public."Tickets"("Id") ON DELETE CASCADE;


--
-- Name: RoleClaims FK_RoleClaims_Roles_RoleId; Type: FK CONSTRAINT; Schema: public; Owner: root
--

ALTER TABLE ONLY public."RoleClaims"
    ADD CONSTRAINT "FK_RoleClaims_Roles_RoleId" FOREIGN KEY ("RoleId") REFERENCES public."Roles"("Id") ON DELETE CASCADE;


--
-- Name: TicketAssignees FK_TicketAssignees_Tickets_TicketId; Type: FK CONSTRAINT; Schema: public; Owner: root
--

ALTER TABLE ONLY public."TicketAssignees"
    ADD CONSTRAINT "FK_TicketAssignees_Tickets_TicketId" FOREIGN KEY ("TicketId") REFERENCES public."Tickets"("Id") ON DELETE CASCADE;


--
-- Name: TicketAssignees FK_TicketAssignees_Users_AssigneeId; Type: FK CONSTRAINT; Schema: public; Owner: root
--

ALTER TABLE ONLY public."TicketAssignees"
    ADD CONSTRAINT "FK_TicketAssignees_Users_AssigneeId" FOREIGN KEY ("AssigneeId") REFERENCES public."Users"("Id") ON DELETE CASCADE;


--
-- Name: Tickets FK_Tickets_Categories_CategoryId; Type: FK CONSTRAINT; Schema: public; Owner: root
--

ALTER TABLE ONLY public."Tickets"
    ADD CONSTRAINT "FK_Tickets_Categories_CategoryId" FOREIGN KEY ("CategoryId") REFERENCES public."Categories"("Id") ON DELETE CASCADE;


--
-- Name: Tickets FK_Tickets_CauseTypes_CauseTypeId; Type: FK CONSTRAINT; Schema: public; Owner: root
--

ALTER TABLE ONLY public."Tickets"
    ADD CONSTRAINT "FK_Tickets_CauseTypes_CauseTypeId" FOREIGN KEY ("CauseTypeId") REFERENCES public."CauseTypes"("Id");


--
-- Name: Tickets FK_Tickets_ImplementationPlans_ImplementationPlanId; Type: FK CONSTRAINT; Schema: public; Owner: root
--

ALTER TABLE ONLY public."Tickets"
    ADD CONSTRAINT "FK_Tickets_ImplementationPlans_ImplementationPlanId" FOREIGN KEY ("ImplementationPlanId") REFERENCES public."ImplementationPlans"("Id");


--
-- Name: Tickets FK_Tickets_Projects_ProjectId; Type: FK CONSTRAINT; Schema: public; Owner: root
--

ALTER TABLE ONLY public."Tickets"
    ADD CONSTRAINT "FK_Tickets_Projects_ProjectId" FOREIGN KEY ("ProjectId") REFERENCES public."Projects"("Id");


--
-- Name: Tickets FK_Tickets_Users_CreatorId; Type: FK CONSTRAINT; Schema: public; Owner: root
--

ALTER TABLE ONLY public."Tickets"
    ADD CONSTRAINT "FK_Tickets_Users_CreatorId" FOREIGN KEY ("CreatorId") REFERENCES public."Users"("Id") ON DELETE RESTRICT;


--
-- Name: Tickets FK_Tickets_Users_HeadDepartmentId; Type: FK CONSTRAINT; Schema: public; Owner: root
--

ALTER TABLE ONLY public."Tickets"
    ADD CONSTRAINT "FK_Tickets_Users_HeadDepartmentId" FOREIGN KEY ("HeadDepartmentId") REFERENCES public."Users"("Id") ON DELETE RESTRICT;


--
-- Name: UserClaims FK_UserClaims_Users_UserId; Type: FK CONSTRAINT; Schema: public; Owner: root
--

ALTER TABLE ONLY public."UserClaims"
    ADD CONSTRAINT "FK_UserClaims_Users_UserId" FOREIGN KEY ("UserId") REFERENCES public."Users"("Id") ON DELETE CASCADE;


--
-- Name: UserLogins FK_UserLogins_Users_UserId; Type: FK CONSTRAINT; Schema: public; Owner: root
--

ALTER TABLE ONLY public."UserLogins"
    ADD CONSTRAINT "FK_UserLogins_Users_UserId" FOREIGN KEY ("UserId") REFERENCES public."Users"("Id") ON DELETE CASCADE;


--
-- Name: UserRoles FK_UserRoles_Roles_RoleId; Type: FK CONSTRAINT; Schema: public; Owner: root
--

ALTER TABLE ONLY public."UserRoles"
    ADD CONSTRAINT "FK_UserRoles_Roles_RoleId" FOREIGN KEY ("RoleId") REFERENCES public."Roles"("Id") ON DELETE CASCADE;


--
-- Name: UserRoles FK_UserRoles_Users_UserId; Type: FK CONSTRAINT; Schema: public; Owner: root
--

ALTER TABLE ONLY public."UserRoles"
    ADD CONSTRAINT "FK_UserRoles_Users_UserId" FOREIGN KEY ("UserId") REFERENCES public."Users"("Id") ON DELETE CASCADE;


--
-- Name: UserTokens FK_UserTokens_Users_UserId; Type: FK CONSTRAINT; Schema: public; Owner: root
--

ALTER TABLE ONLY public."UserTokens"
    ADD CONSTRAINT "FK_UserTokens_Users_UserId" FOREIGN KEY ("UserId") REFERENCES public."Users"("Id") ON DELETE CASCADE;


--
-- Name: Users FK_Users_Departments_DepartmentId; Type: FK CONSTRAINT; Schema: public; Owner: root
--

ALTER TABLE ONLY public."Users"
    ADD CONSTRAINT "FK_Users_Departments_DepartmentId" FOREIGN KEY ("DepartmentId") REFERENCES public."Departments"("Id") ON DELETE CASCADE;


--
-- PostgreSQL database dump complete
--

\unrestrict RUGfQmL2dCMJx3f4pDIaKEccoBvE2AisobqnRw4Q3XY51pGLGdAo1e6SnItDT9U

