--
-- PostgreSQL database dump
--

\restrict z5bj39EEVPhhG1ZhXcifimxK06KNpP2dnZ9qhSsc8soHuI4X9cUVhcwfMTIXPw8

-- Dumped from database version 17.7 (Debian 17.7-3.pgdg12+1)
-- Dumped by pg_dump version 17.7 (Debian 17.7-3.pgdg12+1)

SET statement_timeout = 0;
SET lock_timeout = 0;
SET idle_in_transaction_session_timeout = 0;
SET transaction_timeout = 0;
SET client_encoding = 'UTF8';
SET standard_conforming_strings = on;
SELECT pg_catalog.set_config('search_path', '', false);
SET check_function_bodies = false;
SET xmloption = content;
SET client_min_messages = warning;
SET row_security = off;

SET default_tablespace = '';

SET default_table_access_method = heap;

--
-- Name: Attachments; Type: TABLE; Schema: public; Owner: root
--

CREATE TABLE public."Attachments" (
    "Id" integer NOT NULL,
    "EntityId" integer NOT NULL,
    "EntityType" text NOT NULL,
    "Url" text NOT NULL,
    "ContentType" text NOT NULL,
    "FileName" text,
    "CommentId" integer
);


ALTER TABLE public."Attachments" OWNER TO root;

--
-- Name: Attachments_Id_seq; Type: SEQUENCE; Schema: public; Owner: root
--

ALTER TABLE public."Attachments" ALTER COLUMN "Id" ADD GENERATED BY DEFAULT AS IDENTITY (
    SEQUENCE NAME public."Attachments_Id_seq"
    START WITH 1
    INCREMENT BY 1
    NO MINVALUE
    NO MAXVALUE
    CACHE 1
);


--
-- Name: Categories; Type: TABLE; Schema: public; Owner: root
--

CREATE TABLE public."Categories" (
    "Id" integer NOT NULL,
    "Name" text NOT NULL,
    "Description" text NOT NULL,
    "DepartmentId" integer NOT NULL
);


ALTER TABLE public."Categories" OWNER TO root;

--
-- Name: Categories_Id_seq; Type: SEQUENCE; Schema: public; Owner: root
--

ALTER TABLE public."Categories" ALTER COLUMN "Id" ADD GENERATED BY DEFAULT AS IDENTITY (
    SEQUENCE NAME public."Categories_Id_seq"
    START WITH 1
    INCREMENT BY 1
    NO MINVALUE
    NO MAXVALUE
    CACHE 1
);


--
-- Name: CauseTypes; Type: TABLE; Schema: public; Owner: root
--

CREATE TABLE public."CauseTypes" (
    "Id" integer NOT NULL,
    "Name" text NOT NULL,
    "Description" text NOT NULL
);


ALTER TABLE public."CauseTypes" OWNER TO root;

--
-- Name: CauseTypes_Id_seq; Type: SEQUENCE; Schema: public; Owner: root
--

ALTER TABLE public."CauseTypes" ALTER COLUMN "Id" ADD GENERATED BY DEFAULT AS IDENTITY (
    SEQUENCE NAME public."CauseTypes_Id_seq"
    START WITH 1
    INCREMENT BY 1
    NO MINVALUE
    NO MAXVALUE
    CACHE 1
);


--
-- Name: Comments; Type: TABLE; Schema: public; Owner: root
--

CREATE TABLE public."Comments" (
    "Id" integer NOT NULL,
    "TicketId" integer NOT NULL,
    "CreatorId" integer NOT NULL,
    "Content" text NOT NULL,
    "CreatedDate" timestamp with time zone NOT NULL
);


ALTER TABLE public."Comments" OWNER TO root;

--
-- Name: Comments_Id_seq; Type: SEQUENCE; Schema: public; Owner: root
--

ALTER TABLE public."Comments" ALTER COLUMN "Id" ADD GENERATED BY DEFAULT AS IDENTITY (
    SEQUENCE NAME public."Comments_Id_seq"
    START WITH 1
    INCREMENT BY 1
    NO MINVALUE
    NO MAXVALUE
    CACHE 1
);


--
-- Name: Departments; Type: TABLE; Schema: public; Owner: root
--

CREATE TABLE public."Departments" (
    "Id" integer NOT NULL,
    "Name" text NOT NULL
);


ALTER TABLE public."Departments" OWNER TO root;

--
-- Name: Departments_Id_seq; Type: SEQUENCE; Schema: public; Owner: root
--

ALTER TABLE public."Departments" ALTER COLUMN "Id" ADD GENERATED BY DEFAULT AS IDENTITY (
    SEQUENCE NAME public."Departments_Id_seq"
    START WITH 1
    INCREMENT BY 1
    NO MINVALUE
    NO MAXVALUE
    CACHE 1
);


--
-- Name: Histories; Type: TABLE; Schema: public; Owner: root
--

CREATE TABLE public."Histories" (
    "Id" integer NOT NULL,
    "Content" text NOT NULL,
    "CreatedDate" timestamp with time zone NOT NULL,
    "TicketId" integer NOT NULL
);


ALTER TABLE public."Histories" OWNER TO root;

--
-- Name: Histories_Id_seq; Type: SEQUENCE; Schema: public; Owner: root
--

ALTER TABLE public."Histories" ALTER COLUMN "Id" ADD GENERATED BY DEFAULT AS IDENTITY (
    SEQUENCE NAME public."Histories_Id_seq"
    START WITH 1
    INCREMENT BY 1
    NO MINVALUE
    NO MAXVALUE
    CACHE 1
);


--
-- Name: Progress; Type: TABLE; Schema: public; Owner: root
--

CREATE TABLE public."Progress" (
    "Id" integer NOT NULL,
    "TicketId" integer NOT NULL,
    "TicketStatus" text NOT NULL,
    "Note" text NOT NULL,
    "EmployeeName" text NOT NULL,
    "Date" timestamp with time zone NOT NULL
);


ALTER TABLE public."Progress" OWNER TO root;

--
-- Name: Progress_Id_seq; Type: SEQUENCE; Schema: public; Owner: root
--

ALTER TABLE public."Progress" ALTER COLUMN "Id" ADD GENERATED BY DEFAULT AS IDENTITY (
    SEQUENCE NAME public."Progress_Id_seq"
    START WITH 1
    INCREMENT BY 1
    NO MINVALUE
    NO MAXVALUE
    CACHE 1
);


--
-- Name: RoleClaims; Type: TABLE; Schema: public; Owner: root
--

CREATE TABLE public."RoleClaims" (
    "Id" integer NOT NULL,
    "RoleId" integer NOT NULL,
    "ClaimType" text,
    "ClaimValue" text
);


ALTER TABLE public."RoleClaims" OWNER TO root;

--
-- Name: RoleClaims_Id_seq; Type: SEQUENCE; Schema: public; Owner: root
--

ALTER TABLE public."RoleClaims" ALTER COLUMN "Id" ADD GENERATED BY DEFAULT AS IDENTITY (
    SEQUENCE NAME public."RoleClaims_Id_seq"
    START WITH 1
    INCREMENT BY 1
    NO MINVALUE
    NO MAXVALUE
    CACHE 1
);


--
-- Name: Roles; Type: TABLE; Schema: public; Owner: root
--

CREATE TABLE public."Roles" (
    "Id" integer NOT NULL,
    "Name" character varying(256),
    "NormalizedName" character varying(256),
    "ConcurrencyStamp" text
);


ALTER TABLE public."Roles" OWNER TO root;

--
-- Name: Roles_Id_seq; Type: SEQUENCE; Schema: public; Owner: root
--

ALTER TABLE public."Roles" ALTER COLUMN "Id" ADD GENERATED BY DEFAULT AS IDENTITY (
    SEQUENCE NAME public."Roles_Id_seq"
    START WITH 1
    INCREMENT BY 1
    NO MINVALUE
    NO MAXVALUE
    CACHE 1
);


--
-- Name: TicketAssignees; Type: TABLE; Schema: public; Owner: root
--

CREATE TABLE public."TicketAssignees" (
    "TicketId" integer NOT NULL,
    "AssigneeId" integer NOT NULL
);


ALTER TABLE public."TicketAssignees" OWNER TO root;

--
-- Name: TicketHeads; Type: TABLE; Schema: public; Owner: root
--

CREATE TABLE public."TicketHeads" (
    "TicketId" integer NOT NULL,
    "HeadId" integer NOT NULL,
    "IsMainHead" boolean NOT NULL DEFAULT false
);


ALTER TABLE public."TicketHeads" OWNER TO root;

--
-- Name: Tickets; Type: TABLE; Schema: public; Owner: root
--

CREATE TABLE public."Tickets" (
    "Id" integer NOT NULL,
    "Title" text NOT NULL,
    "CategoryId" integer NOT NULL,
    "CreatorId" integer NOT NULL,
    "CauseTypeId" integer,
    "Cause" text,
    "DesiredCompleteDate" timestamp with time zone NOT NULL,
    "ExpectedStartDate" timestamp with time zone,
    "ExpectedCompleteDate" timestamp with time zone,
    "Content" text NOT NULL,
    "Priority" text NOT NULL,
    "Status" text NOT NULL,
    "CreatedAt" timestamp with time zone NOT NULL,
    "ImplementationPlan" text
);


ALTER TABLE public."Tickets" OWNER TO root;

--
-- Name: Tickets_Id_seq; Type: SEQUENCE; Schema: public; Owner: root
--

ALTER TABLE public."Tickets" ALTER COLUMN "Id" ADD GENERATED BY DEFAULT AS IDENTITY (
    SEQUENCE NAME public."Tickets_Id_seq"
    START WITH 1
    INCREMENT BY 1
    NO MINVALUE
    NO MAXVALUE
    CACHE 1
);


--
-- Name: UserClaims; Type: TABLE; Schema: public; Owner: root
--

CREATE TABLE public."UserClaims" (
    "Id" integer NOT NULL,
    "UserId" integer NOT NULL,
    "ClaimType" text,
    "ClaimValue" text
);


ALTER TABLE public."UserClaims" OWNER TO root;

--
-- Name: UserClaims_Id_seq; Type: SEQUENCE; Schema: public; Owner: root
--

ALTER TABLE public."UserClaims" ALTER COLUMN "Id" ADD GENERATED BY DEFAULT AS IDENTITY (
    SEQUENCE NAME public."UserClaims_Id_seq"
    START WITH 1
    INCREMENT BY 1
    NO MINVALUE
    NO MAXVALUE
    CACHE 1
);


--
-- Name: UserLogins; Type: TABLE; Schema: public; Owner: root
--

CREATE TABLE public."UserLogins" (
    "LoginProvider" text NOT NULL,
    "ProviderKey" text NOT NULL,
    "ProviderDisplayName" text,
    "UserId" integer NOT NULL
);


ALTER TABLE public."UserLogins" OWNER TO root;

--
-- Name: UserRoles; Type: TABLE; Schema: public; Owner: root
--

CREATE TABLE public."UserRoles" (
    "UserId" integer NOT NULL,
    "RoleId" integer NOT NULL
);


ALTER TABLE public."UserRoles" OWNER TO root;

--
-- Name: UserTokens; Type: TABLE; Schema: public; Owner: root
--

CREATE TABLE public."UserTokens" (
    "UserId" integer NOT NULL,
    "LoginProvider" text NOT NULL,
    "Name" text NOT NULL,
    "Value" text
);


ALTER TABLE public."UserTokens" OWNER TO root;

--
-- Name: Users; Type: TABLE; Schema: public; Owner: root
--

CREATE TABLE public."Users" (
    "Id" integer NOT NULL,
    "FullName" text NOT NULL,
    "DepartmentId" integer NOT NULL,
    "AvatarUrl" text,
    "UserName" character varying(256),
    "NormalizedUserName" character varying(256),
    "Email" character varying(256),
    "NormalizedEmail" character varying(256),
    "EmailConfirmed" boolean NOT NULL,
    "PasswordHash" text,
    "SecurityStamp" text,
    "ConcurrencyStamp" text,
    "PhoneNumber" text,
    "PhoneNumberConfirmed" boolean NOT NULL,
    "TwoFactorEnabled" boolean NOT NULL,
    "LockoutEnd" timestamp with time zone,
    "LockoutEnabled" boolean NOT NULL,
    "AccessFailedCount" integer NOT NULL
);


ALTER TABLE public."Users" OWNER TO root;

--
-- Name: Users_Id_seq; Type: SEQUENCE; Schema: public; Owner: root
--

ALTER TABLE public."Users" ALTER COLUMN "Id" ADD GENERATED BY DEFAULT AS IDENTITY (
    SEQUENCE NAME public."Users_Id_seq"
    START WITH 1
    INCREMENT BY 1
    NO MINVALUE
    NO MAXVALUE
    CACHE 1
);


--
-- Name: __EFMigrationsHistory; Type: TABLE; Schema: public; Owner: root
--

CREATE TABLE public."__EFMigrationsHistory" (
    "MigrationId" character varying(150) NOT NULL,
    "ProductVersion" character varying(32) NOT NULL
);


ALTER TABLE public."__EFMigrationsHistory" OWNER TO root;

--
-- Data for Name: Attachments; Type: TABLE DATA; Schema: public; Owner: root
--



--
-- Data for Name: Categories; Type: TABLE DATA; Schema: public; Owner: root
--

INSERT INTO public."Categories" VALUES (1, 'Cơ sở hạ tầng và thiết bị', 'Bao gồm các vấn đề liên quan đến phần cứng của các thiết bị (máy tính, máy in, máy chiếu), sự cố mạng (Wifi, LAN, VPN), máy chủ (Server) và cấp phát thiết bị.', 1);
INSERT INTO public."Categories" VALUES (2, 'Phần mềm và bảo mật', 'Bao gồm xử lý lỗi phần mềm nội bộ, cài đặt phần mềm mới, cấp tài khoản công ty, cấp quyền truy cập, reset mật khẩu và kiểm tra bảo mật.', 1);
INSERT INTO public."Categories" VALUES (3, 'Hành chính và phúc lợi', 'Bao gồm quản lý hợp đồng lao động, tính lương/thưởng, giải quyết nghỉ phép, hồ sơ nhân viên và các chính sách công ty.', 2);
INSERT INTO public."Categories" VALUES (4, 'Tuyển dụng và đào tạo', 'Bao gồm đăng tin tuyển dụng, tiếp nhận nhân sự mới, đào tạo phát triển kỹ năng và đánh giá hiệu suất nhân viên.', 2);
INSERT INTO public."Categories" VALUES (5, 'Thanh toán và chi phí', 'Bao gồm xử lý tạm ứng công tác, quyết toán chi phí, thanh toán cho nhà cung cấp và xử lý hóa đơn/chứng từ.', 3);
INSERT INTO public."Categories" VALUES (6, 'Kế toán và kiểm soát', 'Bao gồm báo cáo tài chính, kiểm soát chi phí nội bộ, kê khai thuế và hỗ trợ số liệu bảng lương.', 3);
INSERT INTO public."Categories" VALUES (11, 'Quản lý an toàn', 'Bao gồm giám sát nội quy công ty, tập huấn PCCC', 6);
INSERT INTO public."Categories" VALUES (12, 'Quản lý tài sản và công cụ dụng cụ', 'Bao gồm theo dõi cấp phát laptop, ghế, bàn, đồ dùng,... và mua sắm thiết bị', 6);
INSERT INTO public."Categories" VALUES (9, 'Vận hành kinh doanh', 'Bao gồm kiểm tra tình trạng đơn hàng, hỗ trợ soạn thảo hợp đồng, báo giá và theo dõi doanh số.', 5);
INSERT INTO public."Categories" VALUES (8, 'Phát triển và định hướng sản phẩm', 'Bao gồm phân tích yêu cầu nghiệp vụ, lên lộ trình, nghiên cứu thị trường và xử lý yêu cầu tính năng mới.', 4);
INSERT INTO public."Categories" VALUES (10, 'Quan hệ khách hàng và giải pháp', 'Bao gồm tư vấn giải pháp, demo sản phẩm, chạy chương trình khuyến mãi và quản lý cơ hội bán hàng.', 5);
INSERT INTO public."Categories" VALUES (7, 'Chất lượng và tối ưu hóa', 'Bao gồm kiểm thử sản phẩm (UAT), báo lỗi, cải thiện trải nghiệm người dùng (UI/UX) và tối ưu hiệu năng hệ thống.', 4);


--
-- Data for Name: CauseTypes; Type: TABLE DATA; Schema: public; Owner: root
--

INSERT INTO public."CauseTypes" VALUES (1, 'Lỗi hệ thống', '123');
INSERT INTO public."CauseTypes" VALUES (2, 'Sai quy trình - nghiệp vụ', '123');
INSERT INTO public."CauseTypes" VALUES (3, 'Lỗi Data', '123');
INSERT INTO public."CauseTypes" VALUES (4, 'Lỗi network', '123');
INSERT INTO public."CauseTypes" VALUES (5, 'Lỗi khác', '123');


--
-- Data for Name: Comments; Type: TABLE DATA; Schema: public; Owner: root
--



--
-- Data for Name: Departments; Type: TABLE DATA; Schema: public; Owner: root
--

INSERT INTO public."Departments" VALUES (1, 'IT');
INSERT INTO public."Departments" VALUES (2, 'HR');
INSERT INTO public."Departments" VALUES (3, 'Tài Chính');
INSERT INTO public."Departments" VALUES (4, 'Sản Phẩm');
INSERT INTO public."Departments" VALUES (5, 'Kinh Doanh');
INSERT INTO public."Departments" VALUES (6, 'AD');
INSERT INTO public."Departments" VALUES (7, 'admin');


--
-- Data for Name: Histories; Type: TABLE DATA; Schema: public; Owner: root
--



--
-- Data for Name: Progress; Type: TABLE DATA; Schema: public; Owner: root
--

-- Ticket 1: Máy in tầng 3 không hoạt động (Completed)
INSERT INTO public."Progress" VALUES (1, 1, 'Pending', 'Nguyễn Quang Hà đã tạo yêu cầu', 'Nguyễn Quang Hà', '2025-11-26 08:30:00+00');
INSERT INTO public."Progress" VALUES (2, 1, 'Received', 'Trưởng phòng IT Hoàng Việt Trung đã tiếp nhận ticket', 'Hoàng Việt Trung', '2025-11-26 09:00:00+00');
INSERT INTO public."Progress" VALUES (3, 1, 'InProgress', 'Head IT phân công thi123@gmail.com, tuan123@gmail.com xử lý ticket', 'Hoàng Việt Trung', '2025-11-26 09:15:00+00');
INSERT INTO public."Progress" VALUES (4, 1, 'InProgress', 'Đã kiểm tra máy in, phát hiện kẹt giấy và con lăn bị mòn', 'Phạm Đình Thi', '2025-11-26 10:30:00+00');
INSERT INTO public."Progress" VALUES (5, 1, 'InProgress', 'Đã làm sạch con lăn và thay thế bộ phận bị hỏng', 'Lê Anh Tuấn', '2025-11-26 15:00:00+00');
INSERT INTO public."Progress" VALUES (6, 1, 'Completed', 'Máy in đã hoạt động bình thường, đã test in thành công', 'Phạm Đình Thi', '2025-11-26 16:30:00+00');

-- Ticket 2: Yêu cầu cấp quyền truy cập hệ thống ERP (InProgress)
INSERT INTO public."Progress" VALUES (7, 2, 'Pending', 'Hoàng Nhật Minh đã tạo yêu cầu', 'Hoàng Nhật Minh', '2025-11-26 09:15:00+00');
INSERT INTO public."Progress" VALUES (8, 2, 'Received', 'Trưởng phòng IT Hoàng Việt Trung đã tiếp nhận ticket', 'Hoàng Việt Trung', '2025-11-26 10:00:00+00');
INSERT INTO public."Progress" VALUES (9, 2, 'InProgress', 'Head IT phân công thi123@gmail.com xử lý ticket', 'Hoàng Việt Trung', '2025-11-26 10:30:00+00');
INSERT INTO public."Progress" VALUES (10, 2, 'InProgress', 'Đang tạo tài khoản và cấu hình phân quyền cho user mới', 'Phạm Đình Thi', '2025-11-26 14:00:00+00');

-- Ticket 3: Cập nhật thông tin hợp đồng lao động (InProgress)
INSERT INTO public."Progress" VALUES (11, 3, 'Pending', 'Hoàng Hà Trang đã tạo yêu cầu', 'Hoàng Hà Trang', '2025-11-26 10:20:00+00');
INSERT INTO public."Progress" VALUES (12, 3, 'Received', 'Trưởng phòng HR Nguyễn Minh Sơn đã tiếp nhận ticket', 'Nguyễn Minh Sơn', '2025-11-26 11:00:00+00');
INSERT INTO public."Progress" VALUES (13, 3, 'InProgress', 'Head HR phân công minh123@gmail.com, trang123@gmail.com xử lý ticket', 'Nguyễn Minh Sơn', '2025-11-26 11:30:00+00');
INSERT INTO public."Progress" VALUES (14, 3, 'InProgress', 'Đang thu thập giấy tờ và soạn thảo phụ lục hợp đồng', 'Hoàng Nhật Minh', '2025-11-26 15:00:00+00');

-- Ticket 4: Đăng tin tuyển dụng vị trí Senior Developer (Pending)
INSERT INTO public."Progress" VALUES (15, 4, 'Pending', 'Hoàng Yến Chi đã tạo yêu cầu', 'Hoàng Yến Chi', '2025-11-26 11:00:00+00');

-- Ticket 5: Quyết toán chi phí công tác tháng 11 (Received)
INSERT INTO public."Progress" VALUES (16, 5, 'Pending', 'Nguyễn Quang Anh đã tạo yêu cầu', 'Nguyễn Quang Anh', '2025-11-26 13:30:00+00');
INSERT INTO public."Progress" VALUES (17, 5, 'Received', 'Trưởng phòng Tài Chính Nguyễn Quang Hà đã tiếp nhận ticket', 'Nguyễn Quang Hà', '2025-11-26 14:00:00+00');
INSERT INTO public."Progress" VALUES (18, 5, 'InProgress', 'Head Finance phân công quanganh123@gmail.com, uyen222@gmail.com xử lý ticket', 'Nguyễn Quang Hà', '2025-11-26 14:30:00+00');
INSERT INTO public."Progress" VALUES (48, 5, 'InProgress', 'Đang kiểm tra và xác minh các chứng từ chi phí', 'Nguyễn Quang Anh', '2025-11-27 10:00:00+00');

-- Ticket 6: Lập báo cáo tài chính quý 4/2025 (Pending)
INSERT INTO public."Progress" VALUES (19, 6, 'Pending', 'Nguyễn Phương Uyên đã tạo yêu cầu', 'Nguyễn Phương Uyên', '2025-11-26 14:00:00+00');

-- Ticket 7: Nghiên cứu tính năng thanh toán online mới (Pending)
INSERT INTO public."Progress" VALUES (20, 7, 'Pending', 'Lê Anh Quân đã tạo yêu cầu', 'Lê Anh Quân', '2025-11-26 15:00:00+00');

-- Ticket 8: Tối ưu hiệu năng module báo cáo (InProgress)
INSERT INTO public."Progress" VALUES (21, 8, 'Pending', 'Đỗ Thùy Dương đã tạo yêu cầu', 'Đỗ Thùy Dương', '2025-11-26 08:00:00+00');
INSERT INTO public."Progress" VALUES (22, 8, 'Received', 'Trưởng phòng Sản Phẩm Lê Văn Thiện đã tiếp nhận ticket', 'Lê Văn Thiện', '2025-11-26 09:00:00+00');
INSERT INTO public."Progress" VALUES (23, 8, 'InProgress', 'Head Product phân công quan123@gmail.com, duong123@gmail.com xử lý ticket', 'Lê Văn Thiện', '2025-11-26 09:30:00+00');
INSERT INTO public."Progress" VALUES (24, 8, 'InProgress', 'Đã phân tích performance, xác định bottleneck ở query database', 'Lê Anh Quân', '2025-11-26 11:00:00+00');
INSERT INTO public."Progress" VALUES (25, 8, 'InProgress', 'Đang implement caching và thêm index cho bảng Reports', 'Đỗ Thùy Dương', '2025-11-26 15:00:00+00');

-- Ticket 9: Hỗ trợ demo sản phẩm cho khách hàng ABC Corp (Received)
INSERT INTO public."Progress" VALUES (26, 9, 'Pending', 'Lê Anh Duy đã tạo yêu cầu', 'Lê Anh Duy', '2025-11-26 16:00:00+00');
INSERT INTO public."Progress" VALUES (27, 9, 'Received', 'Trưởng phòng Kinh Doanh Bùi Anh Tuấn đã tiếp nhận ticket', 'Bùi Anh Tuấn', '2025-11-26 16:30:00+00');
INSERT INTO public."Progress" VALUES (28, 9, 'InProgress', 'Head Sales phân công duy123@gmail.com xử lý ticket', 'Bùi Anh Tuấn', '2025-11-26 17:00:00+00');

-- Ticket 10: Soạn thảo hợp đồng cho khách hàng DEF Ltd (InProgress)
INSERT INTO public."Progress" VALUES (29, 10, 'Pending', 'Lê Minh Hiếu đã tạo yêu cầu', 'Lê Minh Hiếu', '2025-11-26 10:30:00+00');
INSERT INTO public."Progress" VALUES (30, 10, 'Received', 'Trưởng phòng Kinh Doanh Bùi Anh Tuấn đã tiếp nhận ticket', 'Bùi Anh Tuấn', '2025-11-26 11:00:00+00');
INSERT INTO public."Progress" VALUES (31, 10, 'InProgress', 'Head Sales phân công duy123@gmail.com, hieu123@gmail.com xử lý ticket', 'Bùi Anh Tuấn', '2025-11-26 11:30:00+00');
INSERT INTO public."Progress" VALUES (32, 10, 'InProgress', 'Đã soạn bản thảo hợp đồng dựa trên template Enterprise', 'Lê Anh Duy', '2025-11-26 14:00:00+00');

-- Ticket 11: Kiểm tra và bổ sung thiết bị PCCC tầng 2 (Pending)
INSERT INTO public."Progress" VALUES (33, 11, 'Pending', 'Tạ Nhật Ánh đã tạo yêu cầu', 'Tạ Nhật Ánh', '2025-11-26 14:30:00+00');

-- Ticket 12: Mua sắm laptop cho nhân viên mới (Received)
INSERT INTO public."Progress" VALUES (34, 12, 'Pending', 'Nguyễn Quang Vũ đã tạo yêu cầu', 'Nguyễn Quang Vũ', '2025-11-26 13:00:00+00');
INSERT INTO public."Progress" VALUES (35, 12, 'Received', 'Trưởng phòng AD Phạm Quang Hưng đã tiếp nhận ticket', 'Phạm Quang Hưng', '2025-11-26 13:30:00+00');
INSERT INTO public."Progress" VALUES (36, 12, 'InProgress', 'Head AD phân công anh123@gmail.com, vu123@gmail.com xử lý ticket', 'Phạm Quang Hưng', '2025-11-26 14:00:00+00');

-- Ticket 13: Sự cố mất kết nối VPN (Completed)
INSERT INTO public."Progress" VALUES (37, 13, 'Pending', 'Phạm Đình Thi đã tạo yêu cầu', 'Phạm Đình Thi', '2025-11-26 14:00:00+00');
INSERT INTO public."Progress" VALUES (38, 13, 'Received', 'Trưởng phòng IT Hoàng Việt Trung đã tiếp nhận ticket - Ưu tiên cao', 'Hoàng Việt Trung', '2025-11-26 14:15:00+00');
INSERT INTO public."Progress" VALUES (39, 13, 'InProgress', 'Head IT phân công thi123@gmail.com, tuan123@gmail.com xử lý khẩn cấp', 'Hoàng Việt Trung', '2025-11-26 14:20:00+00');
INSERT INTO public."Progress" VALUES (40, 13, 'InProgress', 'Đã xác định nguyên nhân: Firewall đã block port 1194 của VPN', 'Phạm Đình Thi', '2025-11-26 15:00:00+00');
INSERT INTO public."Progress" VALUES (41, 13, 'InProgress', 'Đang cấu hình lại firewall và restart VPN server', 'Lê Anh Tuấn', '2025-11-26 16:00:00+00');
INSERT INTO public."Progress" VALUES (42, 13, 'Completed', 'VPN đã hoạt động trở lại, tất cả user đã kết nối thành công', 'Phạm Đình Thi', '2025-11-26 17:30:00+00');

-- Ticket 14: Cải thiện giao diện người dùng màn hình quản lý đơn hàng (Pending)
INSERT INTO public."Progress" VALUES (43, 14, 'Pending', 'Nguyễn Hoàng Mai đã tạo yêu cầu', 'Nguyễn Hoàng Mai', '2025-11-26 15:30:00+00');

-- Ticket 15: Xử lý yêu cầu hoàn tiền khách hàng XYZ (InProgress)
INSERT INTO public."Progress" VALUES (44, 15, 'Pending', 'Lê Nguyễn Thái Hà đã tạo yêu cầu', 'Lê Nguyễn Thái Hà', '2025-11-26 11:30:00+00');
INSERT INTO public."Progress" VALUES (45, 15, 'Received', 'Trưởng phòng Kinh Doanh Bùi Anh Tuấn đã tiếp nhận ticket', 'Bùi Anh Tuấn', '2025-11-26 12:00:00+00');
INSERT INTO public."Progress" VALUES (46, 15, 'InProgress', 'Head Sales phân công duy123@gmail.com, ha123@gmail.com xử lý ticket', 'Bùi Anh Tuấn', '2025-11-26 12:30:00+00');
INSERT INTO public."Progress" VALUES (47, 15, 'InProgress', 'Đã xác minh hợp đồng, đang làm việc với phòng tài chính', 'Lê Anh Duy', '2025-11-26 15:00:00+00');


--
-- Data for Name: RoleClaims; Type: TABLE DATA; Schema: public; Owner: root
--



--
-- Data for Name: Roles; Type: TABLE DATA; Schema: public; Owner: root
--

INSERT INTO public."Roles" VALUES (1, 'Employee', 'EMPLOYEE', NULL);
INSERT INTO public."Roles" VALUES (2, 'Admin', 'ADMIN', NULL);
INSERT INTO public."Roles" VALUES (3, 'Head Of IT', 'HEAD OF IT', NULL);
INSERT INTO public."Roles" VALUES (4, 'Head Of AD', 'HEAD OF AD', NULL);
INSERT INTO public."Roles" VALUES (5, 'Head Of Sales', 'HEAD OF SALES', NULL);
INSERT INTO public."Roles" VALUES (6, 'Head Of HR', 'HEAD OF HR', NULL);
INSERT INTO public."Roles" VALUES (7, 'Head Of Finance', 'HEAD OF FINANCE', NULL);
INSERT INTO public."Roles" VALUES (8, 'Head', 'HEAD', NULL);
INSERT INTO public."Roles" VALUES (9, 'Head Of Product', 'HEAD OF PRODUCT', NULL);


--
-- Data for Name: TicketAssignees; Type: TABLE DATA; Schema: public; Owner: root
--

INSERT INTO public."TicketAssignees" VALUES (1, 8);
INSERT INTO public."TicketAssignees" VALUES (1, 9);
INSERT INTO public."TicketAssignees" VALUES (2, 8);
INSERT INTO public."TicketAssignees" VALUES (3, 10);
INSERT INTO public."TicketAssignees" VALUES (3, 11);
INSERT INTO public."TicketAssignees" VALUES (5, 13);
INSERT INTO public."TicketAssignees" VALUES (5, 14);
INSERT INTO public."TicketAssignees" VALUES (8, 15);
INSERT INTO public."TicketAssignees" VALUES (8, 16);
INSERT INTO public."TicketAssignees" VALUES (9, 18);
INSERT INTO public."TicketAssignees" VALUES (10, 18);
INSERT INTO public."TicketAssignees" VALUES (10, 19);
INSERT INTO public."TicketAssignees" VALUES (12, 22);
INSERT INTO public."TicketAssignees" VALUES (12, 23);
INSERT INTO public."TicketAssignees" VALUES (13, 8);
INSERT INTO public."TicketAssignees" VALUES (13, 9);
INSERT INTO public."TicketAssignees" VALUES (15, 18);
INSERT INTO public."TicketAssignees" VALUES (15, 20);


--
-- Data for Name: TicketHeads; Type: TABLE DATA; Schema: public; Owner: root
--

INSERT INTO public."TicketHeads" VALUES (1, 3, true);
INSERT INTO public."TicketHeads" VALUES (2, 3, true);
INSERT INTO public."TicketHeads" VALUES (3, 4, true);
INSERT INTO public."TicketHeads" VALUES (4, 4, true);
INSERT INTO public."TicketHeads" VALUES (5, 5, true);
INSERT INTO public."TicketHeads" VALUES (6, 5, true);
INSERT INTO public."TicketHeads" VALUES (7, 6, true);
INSERT INTO public."TicketHeads" VALUES (8, 6, true);
INSERT INTO public."TicketHeads" VALUES (9, 1, true);
INSERT INTO public."TicketHeads" VALUES (10, 1, true);
INSERT INTO public."TicketHeads" VALUES (11, 2, true);
INSERT INTO public."TicketHeads" VALUES (11, 24, false);
INSERT INTO public."TicketHeads" VALUES (12, 2, true);
INSERT INTO public."TicketHeads" VALUES (12, 24, false);
INSERT INTO public."TicketHeads" VALUES (13, 3, true);
INSERT INTO public."TicketHeads" VALUES (14, 6, true);
INSERT INTO public."TicketHeads" VALUES (15, 1, true);





--
-- Data for Name: Tickets; Type: TABLE DATA; Schema: public; Owner: root
--

INSERT INTO public."Tickets" VALUES (1, 'Máy in tầng 3 không hoạt động', 1, 24, 1, 'Máy in bị kẹt giấy và không phản hồi lệnh in từ máy tính', '2025-11-28 10:00:00+00', '2025-11-27 09:00:00+00', '2025-11-27 17:00:00+00', 'Máy in HP LaserJet tầng 3 phòng kế toán không hoạt động từ sáng nay. Đã thử khởi động lại nhưng vẫn báo lỗi Paper Jam. Cần xử lý gấp vì nhiều hóa đơn cần in.', 'High', 'Closed', '2025-11-26 08:30:00+00', 'Kiểm tra và làm sạch con lăn máy in, thay thế bộ phận bị hỏng nếu cần');
INSERT INTO public."Tickets" VALUES (2, 'Yêu cầu cấp quyền truy cập hệ thống ERP', 2, 10, NULL, NULL, '2025-11-30 10:00:00+00', NULL, NULL, 'Nhân viên mới cần được cấp quyền truy cập module kế toán và quản lý kho trong hệ thống ERP. Bao gồm quyền xem, thêm và sửa đơn hàng.', 'Medium', 'InProgress', '2025-11-26 09:15:00+00', 'Tạo tài khoản và phân quyền theo vai trò Accountant Junior');
INSERT INTO public."Tickets" VALUES (3, 'Cập nhật thông tin hợp đồng lao động', 3, 11, 2, 'Thiếu giấy tờ xác nhận từ phòng nhân sự cũ', '2025-11-29 16:00:00+00', '2025-11-27 10:00:00+00', '2025-11-28 16:00:00+00', 'Cần cập nhật thông tin hợp đồng lao động mới sau khi tăng lương. Bao gồm mức lương mới, phụ cấp và các điều khoản phúc lợi đã thay đổi.', 'Medium', 'InProgress', '2025-11-26 10:20:00+00', 'Thu thập giấy tờ cần thiết, soạn phụ lục hợp đồng mới');
INSERT INTO public."Tickets" VALUES (4, 'Đăng tin tuyển dụng vị trí Senior Developer', 4, 12, NULL, NULL, '2025-12-05 17:00:00+00', NULL, NULL, 'Phòng IT cần tuyển 2 Senior Developer với kinh nghiệm 5+ năm về .NET Core và React. Yêu cầu đăng tin trên các trang tuyển dụng và mạng xã hội công ty.', 'Low', 'Pending', '2025-11-26 11:00:00+00', NULL);
INSERT INTO public."Tickets" VALUES (5, 'Quyết toán chi phí công tác tháng 11', 5, 13, NULL, NULL, '2025-12-03 17:00:00+00', '2025-11-27 09:00:00+00', '2025-12-02 17:00:00+00', 'Quyết toán các khoản chi phí đi công tác Hà Nội từ ngày 15-20/11. Bao gồm vé máy bay, khách sạn, ăn uống và chi phí di chuyển. Tổng giá trị tạm tính 15 triệu đồng.', 'Medium', 'InProgress', '2025-11-26 13:30:00+00', 'Kiểm tra chứng từ và xử lý quyết toán theo quy trình tài chính');
INSERT INTO public."Tickets" VALUES (6, 'Lập báo cáo tài chính quý 4/2025', 6, 14, NULL, NULL, '2025-12-10 17:00:00+00', NULL, NULL, 'Cần lập báo cáo tài chính tổng hợp quý 4 năm 2025 bao gồm báo cáo thu chi, bảng cân đối kế toán, và phân tích tình hình tài chính. Báo cáo phục vụ cho họp Ban Giám đốc.', 'High', 'Pending', '2025-11-26 14:00:00+00', NULL);
INSERT INTO public."Tickets" VALUES (7, 'Nghiên cứu tính năng thanh toán online mới', 8, 15, NULL, NULL, '2025-12-15 17:00:00+00', NULL, NULL, 'Khách hàng yêu cầu tích hợp thêm cổng thanh toán VNPay và MoMo vào hệ thống. Cần nghiên cứu API, đánh giá tính khả thi và ước tính thời gian triển khai.', 'High', 'Pending', '2025-11-26 15:00:00+00', NULL);
INSERT INTO public."Tickets" VALUES (8, 'Tối ưu hiệu năng module báo cáo', 7, 16, 1, 'Query database chưa được tối ưu, thiếu index', '2025-12-01 17:00:00+00', '2025-11-28 09:00:00+00', '2025-11-30 17:00:00+00', 'Module báo cáo đang chạy rất chậm khi xuất báo cáo lớn (>10000 records). Thời gian load lên đến 2-3 phút. Cần tối ưu để giảm thời gian xuất báo cáo xuống dưới 30 giây.', 'High', 'InProgress', '2025-11-26 08:00:00+00', 'Phân tích query, thêm index, implement caching và pagination');
INSERT INTO public."Tickets" VALUES (9, 'Hỗ trợ demo sản phẩm cho khách hàng ABC Corp', 10, 18, NULL, NULL, '2025-11-29 14:00:00+00', NULL, NULL, 'Khách hàng ABC Corp yêu cầu demo đầy đủ tính năng hệ thống quản lý bán hàng. Cần chuẩn bị dữ liệu mẫu, kịch bản demo và tài liệu giới thiệu sản phẩm.', 'Medium', 'Received', '2025-11-26 16:00:00+00', NULL);
INSERT INTO public."Tickets" VALUES (10, 'Soạn thảo hợp đồng cho khách hàng DEF Ltd', 9, 19, NULL, NULL, '2025-12-02 17:00:00+00', NULL, NULL, 'Khách hàng DEF Ltd đã đồng ý mua gói phần mềm Enterprise. Cần soạn hợp đồng bao gồm: phạm vi dự án, thời gian triển khai, chi phí (500 triệu), điều khoản bảo hành và bảo mật.', 'High', 'InProgress', '2025-11-26 10:30:00+00', 'Sử dụng mẫu hợp đồng Enterprise, tùy chỉnh theo yêu cầu khách hàng');
INSERT INTO public."Tickets" VALUES (11, 'Kiểm tra và bổ sung thiết bị PCCC tầng 2', 11, 22, NULL, NULL, '2025-12-08 17:00:00+00', NULL, NULL, 'Sau đợt kiểm tra định kỳ phát hiện 3 bình chữa cháy tầng 2 đã hết hạn sử dụng. Cần thay mới và bổ sung thêm 2 bình cho khu vực mới mở rộng. Đồng thời tổ chức tập huấn PCCC cho nhân viên mới.', 'High', 'Pending', '2025-11-26 14:30:00+00', NULL);
INSERT INTO public."Tickets" VALUES (12, 'Mua sắm laptop cho nhân viên mới', 12, 23, NULL, NULL, '2025-12-04 17:00:00+00', NULL, NULL, 'Phòng IT có 3 nhân viên mới cần trang bị laptop. Yêu cầu cấu hình: Core i7 gen 12, RAM 16GB, SSD 512GB, card đồ họa rời. Ngân sách dự kiến 25 triệu/máy.', 'Medium', 'Received', '2025-11-26 13:00:00+00', NULL);
INSERT INTO public."Tickets" VALUES (13, 'Sự cố mất kết nối VPN', 1, 8, 4, 'Cấu hình firewall chặn port VPN', '2025-11-27 12:00:00+00', '2025-11-26 15:00:00+00', '2025-11-26 18:00:00+00', 'Nhiều nhân viên làm việc từ xa báo không thể kết nối VPN vào hệ thống công ty từ chiều nay. Lỗi xuất hiện: "Connection timeout". Ảnh hưởng đến khoảng 15 nhân viên.', 'Critical', 'Closed', '2025-11-26 14:00:00+00', 'Kiểm tra và cấu hình lại VPN server, mở port cần thiết trên firewall');
INSERT INTO public."Tickets" VALUES (14, 'Cải thiện giao diện người dùng màn hình quản lý đơn hàng', 7, 17, NULL, NULL, '2025-12-12 17:00:00+00', NULL, NULL, 'User feedback cho thấy màn hình quản lý đơn hàng khó sử dụng, quá nhiều bước thao tác. Cần redesign UI/UX để đơn giản hóa quy trình, thêm quick actions và improve responsive design cho mobile.', 'Medium', 'Pending', '2025-11-26 15:30:00+00', NULL);
INSERT INTO public."Tickets" VALUES (15, 'Xử lý yêu cầu hoàn tiền khách hàng XYZ', 9, 20, 2, 'Khách hàng cung cấp thông tin chưa đầy đủ', '2025-12-01 17:00:00+00', '2025-11-28 10:00:00+00', '2025-11-30 17:00:00+00', 'Khách hàng XYZ yêu cầu hoàn tiền cho đơn hàng #12345 do sản phẩm không đáp ứng yêu cầu. Giá trị đơn hàng: 80 triệu đồng. Cần xác minh điều khoản hợp đồng và xử lý theo quy trình.', 'High', 'InProgress', '2025-11-26 11:30:00+00', 'Xác minh hợp đồng, làm việc với phòng tài chính và pháp lý');


--
-- Data for Name: UserClaims; Type: TABLE DATA; Schema: public; Owner: root
--



--
-- Data for Name: UserLogins; Type: TABLE DATA; Schema: public; Owner: root
--



--
-- Data for Name: UserRoles; Type: TABLE DATA; Schema: public; Owner: root
--

INSERT INTO public."UserRoles" VALUES (3, 8);
INSERT INTO public."UserRoles" VALUES (3, 3);
INSERT INTO public."UserRoles" VALUES (4, 6);
INSERT INTO public."UserRoles" VALUES (4, 8);
INSERT INTO public."UserRoles" VALUES (5, 7);
INSERT INTO public."UserRoles" VALUES (5, 8);
INSERT INTO public."UserRoles" VALUES (6, 8);
INSERT INTO public."UserRoles" VALUES (6, 9);
INSERT INTO public."UserRoles" VALUES (1, 5);
INSERT INTO public."UserRoles" VALUES (1, 8);
INSERT INTO public."UserRoles" VALUES (2, 4);
INSERT INTO public."UserRoles" VALUES (2, 8);
INSERT INTO public."UserRoles" VALUES (8, 1);
INSERT INTO public."UserRoles" VALUES (9, 1);
INSERT INTO public."UserRoles" VALUES (10, 1);
INSERT INTO public."UserRoles" VALUES (11, 1);
INSERT INTO public."UserRoles" VALUES (12, 1);
INSERT INTO public."UserRoles" VALUES (13, 1);
INSERT INTO public."UserRoles" VALUES (14, 1);
INSERT INTO public."UserRoles" VALUES (15, 1);
INSERT INTO public."UserRoles" VALUES (16, 1);
INSERT INTO public."UserRoles" VALUES (17, 1);
INSERT INTO public."UserRoles" VALUES (18, 1);
INSERT INTO public."UserRoles" VALUES (19, 1);
INSERT INTO public."UserRoles" VALUES (20, 1);
INSERT INTO public."UserRoles" VALUES (21, 1);
INSERT INTO public."UserRoles" VALUES (22, 1);
INSERT INTO public."UserRoles" VALUES (23, 1);
INSERT INTO public."UserRoles" VALUES (7, 2);
INSERT INTO public."UserRoles" VALUES (24, 1);
INSERT INTO public."UserRoles" VALUES (24, 4);
INSERT INTO public."UserRoles" VALUES (24, 8);
INSERT INTO public."UserRoles" VALUES (24, 1);
INSERT INTO public."UserRoles" VALUES (5, 2);


--
-- Data for Name: UserTokens; Type: TABLE DATA; Schema: public; Owner: root
--



--
-- Data for Name: Users; Type: TABLE DATA; Schema: public; Owner: root
--

INSERT INTO public."Users" VALUES (4, 'Nguyễn Minh Sơn', 2, NULL, 'minhson6a1@gmail.com', 'MINHSON6A1@GMAIL.COM', 'minhson6a1@gmail.com', 'MINHSON6A1@GMAIL.COM', false, NULL, 'SXOXIY3IVV2LWTJQMFC5XG4YKI7TJP77', 'dc5bf6f1-1bcc-49b5-9af1-800903d3e59f', NULL, false, false, NULL, true, 0);
INSERT INTO public."Users" VALUES (5, 'Nguyễn Quang Hà', 3, NULL, 'quangha27103@gmail.com', 'QUANGHA27103@GMAIL.COM', 'quangha27103@gmail.com', 'QUANGHA27103@GMAIL.COM', false, NULL, '2DBAVHJ3YMDUJRTGHHDDHL3P74BXES7Y', 'd04ce54e-2754-43b2-9e71-9e94ab1dddf3', NULL, false, false, NULL, true, 0);
INSERT INTO public."Users" VALUES (6, 'Lê Văn Thiện', 4, NULL, 'levanthien332003@gmail.com', 'LEVANTHIEN332003@GMAIL.COM', 'levanthien332003@gmail.com', 'LEVANTHIEN332003@GMAIL.COM', false, NULL, 'ICFRSLSQK5NOHVPU4ZEBTN32VT66CT7W', '42065743-816e-4fbe-9735-bca7ff8cb581', NULL, false, false, NULL, true, 0);
INSERT INTO public."Users" VALUES (14, 'Nguyễn Phương Uyên', 3, NULL, 'uyen222@gmail.com', 'UYEN222@GMAIL.COM', NULL, NULL, false, NULL, '151WU3J3UFKD4LWHEAFTGHAQXT2BYNA', '453d52b9-413c-4669-b8a0-c51f2b80a217', NULL, false, false, NULL, false, 0);
INSERT INTO public."Users" VALUES (22, 'Tạ Nhật Ánh', 6, NULL, 'anh123@gmail.com', 'ANH123@GMAIL.COM', NULL, NULL, false, NULL, '15OJWU3J3UFKD4LWHEAFTGHAQXT2BYNB', 'c39a69c8-b24c-43f6-b606-fb1fc77bd518', NULL, false, false, NULL, false, 0);
INSERT INTO public."Users" VALUES (23, 'Nguyễn Quang Vũ', 6, NULL, 'vu123@gmail.com', 'VU123@GMAIL.COM', NULL, NULL, false, NULL, '16OJWU3J3UFKD4LWHEAFTGHAQXT2BYNA', '6ab7f2b6-6a61-4efb-aba5-eff98f8f6be0', NULL, false, false, NULL, false, 0);
INSERT INTO public."Users" VALUES (2, 'Phạm Quang Hưng', 6, NULL, 'nvb123@gmail.com', 'NVB123@GMAIL.COM', NULL, NULL, true, NULL, '54OJWU3J3UFKD4LWHEAFTGHAQXT2BYNA', '15703b4d-cbdb-482e-8383-3a20aa4a9fda', NULL, false, false, NULL, true, 0);
INSERT INTO public."Users" VALUES (1, 'Bùi Anh Tuấn', 5, NULL, 'nva123@gmail.com', 'NVA123@GMAIL.COM', NULL, NULL, true, NULL, '15OJWU3J3UFKD4LWHEAFTGHAQXT2BYNA', '59524131-7e1e-48d4-a38a-e819756cc7dc', NULL, false, false, NULL, true, 0);
INSERT INTO public."Users" VALUES (15, 'Lê Anh Quân', 4, NULL, 'quan123@gmail.com', 'QUAN123@GMAIL.COM', NULL, NULL, false, NULL, '10OJWU3J3UFKD4LWHEAFTGHAQXT2BYNA', '87ee0363-f9cd-48b3-80b9-0e2de8d9c453', NULL, false, false, NULL, false, 0);
INSERT INTO public."Users" VALUES (3, 'Hoàng Việt Trung', 1, 'https://lh3.googleusercontent.com/a/ACg8ocKAVfGAFmXDsx2IMO4WYg8pAqAoc3JtcsjDq3qcK9USIvcJ9Q=s96-c', 'trunghoang220703@gmail.com', 'TRUNGHOANG220703@GMAIL.COM', 'trunghoang220703@gmail.com', 'TRUNGHOANG220703@GMAIL.COM', true, NULL, '25OJWU3J3UFKD4LWHIAFTGHAQXT2BYNG', '66ab7ad0-5660-4bfe-8110-30c5fee34a5a', NULL, false, false, NULL, true, 0);
INSERT INTO public."Users" VALUES (16, 'Đỗ Thùy Dương', 4, NULL, 'duong123@gmail.com', 'DUONG123@GMAIL.COM', NULL, NULL, false, NULL, '11OJWU3J3UFKD4LWHEAFTGHAQXT2BYNA', 'bc1d321b-dbaf-4a8a-98c9-6c31a5467bea', NULL, false, false, NULL, false, 0);
INSERT INTO public."Users" VALUES (7, 'admin', 7, 'https://lh3.googleusercontent.com/a/ACg8ocJlUgqTJVoEDUx6Y_iYgakP71cRFFhF8d8if-LJCl0M1tldLg=s96-c', '21a100100397@students.hou.edu.vn', '21A100100397@STUDENTS.HOU.EDU.VN', '21a100100397@students.hou.edu.vn', '21A100100397@STUDENTS.HOU.EDU.VN', true, NULL, 'SSUPP7ZRLKUGZE4L5K34D2Z7EO7W3MYP', 'acef8eb6-2259-4109-9f9b-e4295ae5ff5b', NULL, false, false, NULL, true, 0);
INSERT INTO public."Users" VALUES (8, 'Phạm Đình Thi', 1, NULL, 'thi123@gmail.com', 'THI123@GMAIL.COM', NULL, NULL, false, NULL, '188JWU3J3UFKD4LWHEAFTGHAQXT2BYNA', 'eafa5860-bf8a-452c-a87c-de9e7b5e15d1', NULL, false, false, NULL, false, 0);
INSERT INTO public."Users" VALUES (9, 'Lê Anh Tuấn', 1, NULL, 'tuan123@gmail.com', 'TUAN123@GMAIL.COM', NULL, NULL, false, NULL, '95OJWU3J3UFKD4LWHEAFTGHAQXT2BYNA', 'f4799107-2f62-45e7-984a-cfd96c6587c6', NULL, false, false, NULL, false, 0);
INSERT INTO public."Users" VALUES (10, 'Hoàng Nhật Minh', 2, NULL, 'minh123@gmail.com', 'MINH123@GMAIL.COM', NULL, NULL, false, NULL, '152JWU3J3UFKD4LWHEAFTGHAQXT2BYNA', '743f1a34-3787-4400-b19d-9958df9c208f', NULL, false, false, NULL, false, 0);
INSERT INTO public."Users" VALUES (11, 'Hoàng Hà Trang', 2, NULL, 'trang123@gmail.com', 'TRANG123@GMAIL.COM', NULL, NULL, false, NULL, '251JWU3J3UFKD4LWHEAFTGHAQXT2BYNA', '7d40292e-d35a-4007-983d-93a7ff7c88f8', NULL, false, false, NULL, false, 0);
INSERT INTO public."Users" VALUES (12, 'Hoàng Yến Chi', 2, NULL, 'chi123@gmail.com', 'CHI123@GMAIL.COM', NULL, NULL, false, NULL, '25OJWU3J3UFKD4LWHEAFTGHAQXT2BYNA', '5c4fc471-8065-4ba5-b398-2c9cad008405', NULL, false, false, NULL, false, 0);
INSERT INTO public."Users" VALUES (13, 'Nguyễn Quang Anh', 3, NULL, 'quanganh123@gmail.com', 'QUANGANH123@GMAIL.COM', NULL, NULL, false, NULL, '151AU3J3UFKD4LWHEAFTGHAQXT2BYNA', 'fb22f56f-2c74-4c9a-9ac7-fe0c22c74e9b', NULL, false, false, NULL, false, 0);
INSERT INTO public."Users" VALUES (17, 'Nguyễn Hoàng Mai', 4, NULL, 'mai123@gmail.com', 'MAI123@GMAIL.COM', NULL, NULL, false, NULL, '12OJWU3J3UFKD4LWHEAFTGHAQXT2BYNA', '8c8e1171-f996-4902-be76-d6c0b0b06980', NULL, false, false, NULL, false, 0);
INSERT INTO public."Users" VALUES (18, 'Lê Anh Duy', 5, NULL, 'duy123@gmail.com', 'DUY123@GMAIL.COM', NULL, NULL, false, NULL, '189JWU3J3UFKD4LWHEAFTGHAQXT2BYNA', 'c9d0cb94-c552-439f-ace7-2737fd8a1f39', NULL, false, false, NULL, false, 0);
INSERT INTO public."Users" VALUES (19, 'Lê Minh Hiếu', 5, NULL, 'hieu123@gmail.com', 'HIEU123@GMAIL.COM', NULL, NULL, false, NULL, '18OJWU3J3UFKD4LWHEAFTGHAQXT2BYNA', 'f083e031-c112-45eb-94bc-d44a6e8d8348', NULL, false, false, NULL, false, 0);
INSERT INTO public."Users" VALUES (20, 'Lê Nguyễn Thái Hà', 5, NULL, 'ha123@gmail.com', 'HA123@GMAIL.COM', NULL, NULL, false, NULL, '17OJWU3J3UFKD4LWHEAFTGHAQXT2BYNA', '99f91b94-81c7-4844-8998-5f7b236eace1', NULL, false, false, NULL, false, 0);
INSERT INTO public."Users" VALUES (21, 'Nguyễn Quỳnh Hoa', 6, NULL, 'hoa123@gmail.com', 'HOA123@GMAIL.COM', NULL, NULL, false, NULL, '15OJWU3J3UFKD4LWHEAFTGHAQXT2BYNC', 'a68c0d99-4743-463d-80a1-2fd1d526b597', NULL, false, false, NULL, false, 0);
INSERT INTO public."Users" VALUES (24, 'Nguyễn Quang Hà', 6, NULL, 'hatrumtruong03@gmail.com', 'HATRUMTRUONG03@GMAIL.COM', 'hatrumtruong03@gmail.com', 'HATRUMTRUONG03@GMAIL.COM', true, NULL, 'HATRUMA3B3UFKD4LWHEAFTGHAQXT2BYNC', 'b68c0d99-4743-463d-80a1-2fd1d526b599', NULL, false, false, NULL, true, 0);


--
-- Data for Name: __EFMigrationsHistory; Type: TABLE DATA; Schema: public; Owner: root
--

INSERT INTO public."__EFMigrationsHistory" VALUES ('20251124025823_Init', '9.0.8');
INSERT INTO public."__EFMigrationsHistory" VALUES ('20251124040127_RemoveProject', '9.0.8');
INSERT INTO public."__EFMigrationsHistory" VALUES ('20251126020944_config', '9.0.8');


--
-- Name: Attachments_Id_seq; Type: SEQUENCE SET; Schema: public; Owner: root
--

SELECT pg_catalog.setval('public."Attachments_Id_seq"', 1, false);


--
-- Name: Categories_Id_seq; Type: SEQUENCE SET; Schema: public; Owner: root
--

SELECT setval('public."Categories_Id_seq"', COALESCE(MAX("Id"), 1)) FROM public."Categories";


--
-- Name: CauseTypes_Id_seq; Type: SEQUENCE SET; Schema: public; Owner: root
--

SELECT setval('public."CauseTypes_Id_seq"', COALESCE(MAX("Id"), 1)) FROM public."CauseTypes";


--
-- Name: Comments_Id_seq; Type: SEQUENCE SET; Schema: public; Owner: root
--

SELECT pg_catalog.setval('public."Comments_Id_seq"', 1, false);


--
-- Name: Departments_Id_seq; Type: SEQUENCE SET; Schema: public; Owner: root
--

SELECT setval('public."Departments_Id_seq"', COALESCE(MAX("Id"), 1)) FROM public."Departments";


--
-- Name: Histories_Id_seq; Type: SEQUENCE SET; Schema: public; Owner: root
--

SELECT pg_catalog.setval('public."Histories_Id_seq"', 1, false);


--
-- Name: Progress_Id_seq; Type: SEQUENCE SET; Schema: public; Owner: root
--

SELECT setval('public."Progress_Id_seq"', COALESCE(MAX("Id"), 1)) FROM public."Progress";


--
-- Name: RoleClaims_Id_seq; Type: SEQUENCE SET; Schema: public; Owner: root
--

SELECT pg_catalog.setval('public."RoleClaims_Id_seq"', 1, false);


--
-- Name: Roles_Id_seq; Type: SEQUENCE SET; Schema: public; Owner: root
--

SELECT setval('public."Roles_Id_seq"', COALESCE(MAX("Id"), 1)) FROM public."Roles";


--
-- Name: Tickets_Id_seq; Type: SEQUENCE SET; Schema: public; Owner: root
--

SELECT setval('public."Tickets_Id_seq"', COALESCE(MAX("Id"), 1)) FROM public."Tickets";


--
-- Name: UserClaims_Id_seq; Type: SEQUENCE SET; Schema: public; Owner: root
--

SELECT pg_catalog.setval('public."UserClaims_Id_seq"', 1, false);


--
-- Name: Users_Id_seq; Type: SEQUENCE SET; Schema: public; Owner: root
--

SELECT setval('public."Users_Id_seq"', COALESCE(MAX("Id"), 1)) FROM public."Users";


--
-- Name: Attachments PK_Attachments; Type: CONSTRAINT; Schema: public; Owner: root
--

ALTER TABLE ONLY public."Attachments"
    ADD CONSTRAINT "PK_Attachments" PRIMARY KEY ("Id");


--
-- Name: Categories PK_Categories; Type: CONSTRAINT; Schema: public; Owner: root
--

ALTER TABLE ONLY public."Categories"
    ADD CONSTRAINT "PK_Categories" PRIMARY KEY ("Id");


--
-- Name: CauseTypes PK_CauseTypes; Type: CONSTRAINT; Schema: public; Owner: root
--

ALTER TABLE ONLY public."CauseTypes"
    ADD CONSTRAINT "PK_CauseTypes" PRIMARY KEY ("Id");


--
-- Name: Comments PK_Comments; Type: CONSTRAINT; Schema: public; Owner: root
--

ALTER TABLE ONLY public."Comments"
    ADD CONSTRAINT "PK_Comments" PRIMARY KEY ("Id");


--
-- Name: Departments PK_Departments; Type: CONSTRAINT; Schema: public; Owner: root
--

ALTER TABLE ONLY public."Departments"
    ADD CONSTRAINT "PK_Departments" PRIMARY KEY ("Id");


--
-- Name: Histories PK_Histories; Type: CONSTRAINT; Schema: public; Owner: root
--

ALTER TABLE ONLY public."Histories"
    ADD CONSTRAINT "PK_Histories" PRIMARY KEY ("Id");


--
-- Name: Progress PK_Progress; Type: CONSTRAINT; Schema: public; Owner: root
--

ALTER TABLE ONLY public."Progress"
    ADD CONSTRAINT "PK_Progress" PRIMARY KEY ("Id");


--
-- Name: RoleClaims PK_RoleClaims; Type: CONSTRAINT; Schema: public; Owner: root
--

ALTER TABLE ONLY public."RoleClaims"
    ADD CONSTRAINT "PK_RoleClaims" PRIMARY KEY ("Id");


--
-- Name: Roles PK_Roles; Type: CONSTRAINT; Schema: public; Owner: root
--

ALTER TABLE ONLY public."Roles"
    ADD CONSTRAINT "PK_Roles" PRIMARY KEY ("Id");


--
-- Name: TicketAssignees PK_TicketAssignees; Type: CONSTRAINT; Schema: public; Owner: root
--

ALTER TABLE ONLY public."TicketAssignees"
    ADD CONSTRAINT "PK_TicketAssignees" PRIMARY KEY ("TicketId", "AssigneeId");


--
-- Name: TicketHeads PK_TicketHeads; Type: CONSTRAINT; Schema: public; Owner: root
--

ALTER TABLE ONLY public."TicketHeads"
    ADD CONSTRAINT "PK_TicketHeads" PRIMARY KEY ("TicketId", "HeadId");


--
-- Name: Tickets PK_Tickets; Type: CONSTRAINT; Schema: public; Owner: root
--

ALTER TABLE ONLY public."Tickets"
    ADD CONSTRAINT "PK_Tickets" PRIMARY KEY ("Id");


--
-- Name: UserClaims PK_UserClaims; Type: CONSTRAINT; Schema: public; Owner: root
--

ALTER TABLE ONLY public."UserClaims"
    ADD CONSTRAINT "PK_UserClaims" PRIMARY KEY ("Id");


--
-- Name: UserLogins PK_UserLogins; Type: CONSTRAINT; Schema: public; Owner: root
--

ALTER TABLE ONLY public."UserLogins"
    ADD CONSTRAINT "PK_UserLogins" PRIMARY KEY ("LoginProvider", "ProviderKey");


--
-- Name: UserRoles PK_UserRoles; Type: CONSTRAINT; Schema: public; Owner: root
--

ALTER TABLE ONLY public."UserRoles"
    ADD CONSTRAINT "PK_UserRoles" PRIMARY KEY ("UserId", "RoleId");


--
-- Name: UserTokens PK_UserTokens; Type: CONSTRAINT; Schema: public; Owner: root
--

ALTER TABLE ONLY public."UserTokens"
    ADD CONSTRAINT "PK_UserTokens" PRIMARY KEY ("UserId", "LoginProvider", "Name");


--
-- Name: Users PK_Users; Type: CONSTRAINT; Schema: public; Owner: root
--

ALTER TABLE ONLY public."Users"
    ADD CONSTRAINT "PK_Users" PRIMARY KEY ("Id");


--
-- Name: __EFMigrationsHistory PK___EFMigrationsHistory; Type: CONSTRAINT; Schema: public; Owner: root
--

ALTER TABLE ONLY public."__EFMigrationsHistory"
    ADD CONSTRAINT "PK___EFMigrationsHistory" PRIMARY KEY ("MigrationId");


--
-- Name: EmailIndex; Type: INDEX; Schema: public; Owner: root
--

CREATE INDEX "EmailIndex" ON public."Users" USING btree ("NormalizedEmail");


--
-- Name: IX_Attachments_CommentId; Type: INDEX; Schema: public; Owner: root
--

CREATE INDEX "IX_Attachments_CommentId" ON public."Attachments" USING btree ("CommentId");


--
-- Name: IX_Comments_TicketId; Type: INDEX; Schema: public; Owner: root
--

CREATE INDEX "IX_Comments_TicketId" ON public."Comments" USING btree ("TicketId");


--
-- Name: IX_Histories_TicketId; Type: INDEX; Schema: public; Owner: root
--

CREATE INDEX "IX_Histories_TicketId" ON public."Histories" USING btree ("TicketId");


--
-- Name: IX_Progress_TicketId; Type: INDEX; Schema: public; Owner: root
--

CREATE INDEX "IX_Progress_TicketId" ON public."Progress" USING btree ("TicketId");


--
-- Name: IX_RoleClaims_RoleId; Type: INDEX; Schema: public; Owner: root
--

CREATE INDEX "IX_RoleClaims_RoleId" ON public."RoleClaims" USING btree ("RoleId");


--
-- Name: IX_TicketAssignees_AssigneeId; Type: INDEX; Schema: public; Owner: root
--

CREATE INDEX "IX_TicketAssignees_AssigneeId" ON public."TicketAssignees" USING btree ("AssigneeId");


--
-- Name: IX_TicketHeads_HeadId; Type: INDEX; Schema: public; Owner: root
--

CREATE INDEX "IX_TicketHeads_HeadId" ON public."TicketHeads" USING btree ("HeadId");


--
-- Name: IX_Tickets_CategoryId; Type: INDEX; Schema: public; Owner: root
--

CREATE INDEX "IX_Tickets_CategoryId" ON public."Tickets" USING btree ("CategoryId");


--
-- Name: IX_Tickets_CauseTypeId; Type: INDEX; Schema: public; Owner: root
--

CREATE INDEX "IX_Tickets_CauseTypeId" ON public."Tickets" USING btree ("CauseTypeId");


--
-- Name: IX_Tickets_CreatorId; Type: INDEX; Schema: public; Owner: root
--

CREATE INDEX "IX_Tickets_CreatorId" ON public."Tickets" USING btree ("CreatorId");


--
-- Name: IX_UserClaims_UserId; Type: INDEX; Schema: public; Owner: root
--

CREATE INDEX "IX_UserClaims_UserId" ON public."UserClaims" USING btree ("UserId");


--
-- Name: IX_UserLogins_UserId; Type: INDEX; Schema: public; Owner: root
--

CREATE INDEX "IX_UserLogins_UserId" ON public."UserLogins" USING btree ("UserId");


--
-- Name: IX_UserRoles_RoleId; Type: INDEX; Schema: public; Owner: root
--

CREATE INDEX "IX_UserRoles_RoleId" ON public."UserRoles" USING btree ("RoleId");


--
-- Name: IX_Users_DepartmentId; Type: INDEX; Schema: public; Owner: root
--

CREATE INDEX "IX_Users_DepartmentId" ON public."Users" USING btree ("DepartmentId");


--
-- Name: RoleNameIndex; Type: INDEX; Schema: public; Owner: root
--

CREATE UNIQUE INDEX "RoleNameIndex" ON public."Roles" USING btree ("NormalizedName");


--
-- Name: UserNameIndex; Type: INDEX; Schema: public; Owner: root
--

CREATE UNIQUE INDEX "UserNameIndex" ON public."Users" USING btree ("NormalizedUserName");


--
-- Name: Attachments FK_Attachments_Comments_CommentId; Type: FK CONSTRAINT; Schema: public; Owner: root
--

ALTER TABLE ONLY public."Attachments"
    ADD CONSTRAINT "FK_Attachments_Comments_CommentId" FOREIGN KEY ("CommentId") REFERENCES public."Comments"("Id");


--
-- Name: Comments FK_Comments_Tickets_TicketId; Type: FK CONSTRAINT; Schema: public; Owner: root
--

ALTER TABLE ONLY public."Comments"
    ADD CONSTRAINT "FK_Comments_Tickets_TicketId" FOREIGN KEY ("TicketId") REFERENCES public."Tickets"("Id") ON DELETE CASCADE;

--
-- Name: Comments FK_Comments_Users_CreatorId; Type: FK CONSTRAINT; Schema: public; Owner: root
--

ALTER TABLE ONLY public."Comments"
    ADD CONSTRAINT "FK_Comments_Users_CreatorId" FOREIGN KEY ("CreatorId") REFERENCES public."Users"("Id") ON DELETE CASCADE;


--
-- Name: Histories FK_Histories_Tickets_TicketId; Type: FK CONSTRAINT; Schema: public; Owner: root
--

ALTER TABLE ONLY public."Histories"
    ADD CONSTRAINT "FK_Histories_Tickets_TicketId" FOREIGN KEY ("TicketId") REFERENCES public."Tickets"("Id") ON DELETE CASCADE;


--
-- Name: Progress FK_Progress_Tickets_TicketId; Type: FK CONSTRAINT; Schema: public; Owner: root
--

ALTER TABLE ONLY public."Progress"
    ADD CONSTRAINT "FK_Progress_Tickets_TicketId" FOREIGN KEY ("TicketId") REFERENCES public."Tickets"("Id") ON DELETE CASCADE;


--
-- Name: RoleClaims FK_RoleClaims_Roles_RoleId; Type: FK CONSTRAINT; Schema: public; Owner: root
--

ALTER TABLE ONLY public."RoleClaims"
    ADD CONSTRAINT "FK_RoleClaims_Roles_RoleId" FOREIGN KEY ("RoleId") REFERENCES public."Roles"("Id") ON DELETE CASCADE;


--
-- Name: TicketAssignees FK_TicketAssignees_Tickets_TicketId; Type: FK CONSTRAINT; Schema: public; Owner: root
--

ALTER TABLE ONLY public."TicketAssignees"
    ADD CONSTRAINT "FK_TicketAssignees_Tickets_TicketId" FOREIGN KEY ("TicketId") REFERENCES public."Tickets"("Id") ON DELETE CASCADE;


--
-- Name: TicketAssignees FK_TicketAssignees_Users_AssigneeId; Type: FK CONSTRAINT; Schema: public; Owner: root
--

ALTER TABLE ONLY public."TicketAssignees"
    ADD CONSTRAINT "FK_TicketAssignees_Users_AssigneeId" FOREIGN KEY ("AssigneeId") REFERENCES public."Users"("Id") ON DELETE CASCADE;


--
-- Name: TicketHeads FK_TicketHeads_Tickets_TicketId; Type: FK CONSTRAINT; Schema: public; Owner: root
--

ALTER TABLE ONLY public."TicketHeads"
    ADD CONSTRAINT "FK_TicketHeads_Tickets_TicketId" FOREIGN KEY ("TicketId") REFERENCES public."Tickets"("Id") ON DELETE CASCADE;


--
-- Name: TicketHeads FK_TicketHeads_Users_HeadId; Type: FK CONSTRAINT; Schema: public; Owner: root
--

ALTER TABLE ONLY public."TicketHeads"
    ADD CONSTRAINT "FK_TicketHeads_Users_HeadId" FOREIGN KEY ("HeadId") REFERENCES public."Users"("Id") ON DELETE CASCADE;


--
-- Name: Tickets FK_Tickets_Categories_CategoryId; Type: FK CONSTRAINT; Schema: public; Owner: root
--

ALTER TABLE ONLY public."Tickets"
    ADD CONSTRAINT "FK_Tickets_Categories_CategoryId" FOREIGN KEY ("CategoryId") REFERENCES public."Categories"("Id") ON DELETE CASCADE;


--
-- Name: Tickets FK_Tickets_CauseTypes_CauseTypeId; Type: FK CONSTRAINT; Schema: public; Owner: root
--

ALTER TABLE ONLY public."Tickets"
    ADD CONSTRAINT "FK_Tickets_CauseTypes_CauseTypeId" FOREIGN KEY ("CauseTypeId") REFERENCES public."CauseTypes"("Id");


--
-- Name: Tickets FK_Tickets_Users_CreatorId; Type: FK CONSTRAINT; Schema: public; Owner: root
--

ALTER TABLE ONLY public."Tickets"
    ADD CONSTRAINT "FK_Tickets_Users_CreatorId" FOREIGN KEY ("CreatorId") REFERENCES public."Users"("Id") ON DELETE RESTRICT;


--
-- Name: UserClaims FK_UserClaims_Users_UserId; Type: FK CONSTRAINT; Schema: public; Owner: root
--

ALTER TABLE ONLY public."UserClaims"
    ADD CONSTRAINT "FK_UserClaims_Users_UserId" FOREIGN KEY ("UserId") REFERENCES public."Users"("Id") ON DELETE CASCADE;


--
-- Name: UserLogins FK_UserLogins_Users_UserId; Type: FK CONSTRAINT; Schema: public; Owner: root
--

ALTER TABLE ONLY public."UserLogins"
    ADD CONSTRAINT "FK_UserLogins_Users_UserId" FOREIGN KEY ("UserId") REFERENCES public."Users"("Id") ON DELETE CASCADE;


--
-- Name: UserRoles FK_UserRoles_Roles_RoleId; Type: FK CONSTRAINT; Schema: public; Owner: root
--

ALTER TABLE ONLY public."UserRoles"
    ADD CONSTRAINT "FK_UserRoles_Roles_RoleId" FOREIGN KEY ("RoleId") REFERENCES public."Roles"("Id") ON DELETE CASCADE;


--
-- Name: UserRoles FK_UserRoles_Users_UserId; Type: FK CONSTRAINT; Schema: public; Owner: root
--

ALTER TABLE ONLY public."UserRoles"
    ADD CONSTRAINT "FK_UserRoles_Users_UserId" FOREIGN KEY ("UserId") REFERENCES public."Users"("Id") ON DELETE CASCADE;


--
-- Name: UserTokens FK_UserTokens_Users_UserId; Type: FK CONSTRAINT; Schema: public; Owner: root
--

ALTER TABLE ONLY public."UserTokens"
    ADD CONSTRAINT "FK_UserTokens_Users_UserId" FOREIGN KEY ("UserId") REFERENCES public."Users"("Id") ON DELETE CASCADE;


--
-- Name: Users FK_Users_Departments_DepartmentId; Type: FK CONSTRAINT; Schema: public; Owner: root
--

ALTER TABLE ONLY public."Users"
    ADD CONSTRAINT "FK_Users_Departments_DepartmentId" FOREIGN KEY ("DepartmentId") REFERENCES public."Departments"("Id") ON DELETE CASCADE;

--
-- PostgreSQL database dump complete
--

SELECT * from langchain_pg_embedding

\unrestrict z5bj39EEVPhhG1ZhXcifimxK06KNpP2dnZ9qhSsc8soHuI4X9cUVhcwfMTIXPw8

